text,label
bạn thích ăn đồ chay hay mặn,else
shop có giảm giá khi pay online không,terms
áo sơ mi nam trắng họa tiết giá bao nhiêu,product
mình nên mua sách gì để đọc,else
cửa hàng có gần công ty không,store_info
áo thun bé gái H&M hồng pastel giá bao nhiêu,product
mình nên học gì cho tương lai,else
áo thun nam adidas xanh đậm giá bao nhiêu,product
cửa hàng có hỗ trợ giao hàng qua lazada không,store_info
Quần tây nam Hugo Boss đen có size XL không,product
áo thun bé trai navy còn stock không,product
sản phẩm áo polo nam đen còn available không shop,product
bạn thích ăn đồ chiên hay đồ luộc,else
cửa hàng có gần trung tâm văn hóa hok,store_info
Chính sách bảo mật thông tin ra sao,terms
Hôm nay mình nên wear gì cho trendy,else
bạn biết cách làm bánh flan caramel không,else
Quần jogger Adidas xám still hàng không,product
áo sơ mi H&M bé trai xanh còn size M không,product
Hàng lỗi có được đổi qua Instagram không,terms
Đổi hàng có cần mang theo giấy mua không,terms
bạn know cách làm đồ uống sinh tố không,else
Chào shop có gần ngân hàng Vietcombank không,store_info
Áo khoác nữ H&M đỏ đô còn size S không,product
cửa hàng có gần thư viện hok,store_info
áo trễ vai hoa nữ bao nhiêu tiền,product
cửa hàng có hỗ trợ giao hàng qua Giao Hàng Tiết Kiệm không,store_info
hôm nay đi đâu cho gần mà vui,else
mình nên làm gì để relax sau giờ làm,else
ship hàng có giao cuối tuần hok,terms
Hôm nay mình nên eat gì cho cheap,else
quần tây nam có màu trắng hok,product
đổi hàng có cần giữ hộp hok,terms
Shop có bán áo thun Puma nữ trắng size M không,product
mèo nhà mình kêu nhiều quá làm sao,else
Quần jogger Adidas nam đen còn size S không,product
instagram cửa hàng là gì vậy,store_info
Cửa hàng có bán đồ phong cách năng động không,store_info
Tôi muốn mua áo thun Nike nam trắng size L,product
Shop có bán váy bé gái Carter’s xanh size L không,product
Mua hàng có được miễn phí vận chuyển không,terms
quần jean Levi’s bé đen còn hàng không bro,product
mua hàng có được giảm giá thêm hok,terms
sản phẩm áo sơ mi nữ xanh nhạt còn hàng không shop,product
Tôi muốn mua áo thun Nike nam hồng size S,product
bạn có biết cách làm trà đào không,else
bảo hành bao lâu zậy,terms
Áo polo Lacoste nam trắng còn size XL không,product
Chính sách hoàn tiền xử lý trong bao lâu,terms
bạn biết cách làm đồ ăn vặt không,else
bạn có biết cách làm đồ trang sức không,else
mình học vẽ ở đâu thì xịn,else
Chào shop có gần siêu thị Vincom không,store_info
Ship qua GrabExpress có fast không shop,terms
bạn có biết cách làm đồ uống cà phê không,else
how to làm đồ trang trí sinh nhật,else
cửa hàng có bán đồ giá rẻ hok,store_info
Quần palazzo nữ Zara đen trắng có dây đai không,product
làm sao để lấy free ship cho đơn nhỏ shop,terms
quần jean bé xanh đậm còn stock không,product
bạn biết cách làm đồ handmade hok,else
áo polo nam Ralph Lauren trắng giá bao nhiêu,product
áo thun nữ cổ tim xám giá bao nhiêu,product
bạn có biết cách làm bánh cupcake không,else
bạn thích ăn pizza hay hamburger,else
How to đổi hàng nếu không đúng mô tả shop,terms
shop có bán áo sơ mi nữ hồng size xl không,product
mình nên tập thể dục lúc nào,else
hi shop có bán đồ phong cách tối giản không,store_info
Mình nên wear gì để cool hôm nay,else
quần âu nam xám còn stock không bro,product
áo khoác nữ xanh còn stock không,product
How to đổi hàng nếu không fit shop,terms
shop có bán áo thun nữ đen size l không,product
xin chào shop có sell đồ thể thao không,store_info
Chào shop có gần khu vui chơi không,store_info
Mình nên mua quà gì cho bạn trai,else
Cửa hàng có bán đồ phong cách cá tính không,store_info
Váy bé gái Uniqlo hoa nhí còn size M không,product
you like ăn cơm hay mì hơn,else
bạn có thích nghe rap hok,else
Giờ đóng cửa của cửa hàng là mấy giờ,store_info
Cửa hàng có bán đồ phong cách mùa đông không,store_info
shop có ship qua GrabExpress không,terms
áo thun bé gái xanh pastel có tay bèo hok,product
shop có đổi hàng qua fanpage không shop,terms
áo thun bé trai Nike đỏ USA còn size L không,product
Hello shop có gần khu vui chơi không,store_info
Mua hàng có được hỗ trợ gói quà không,terms
Hello shop có hotline để call không,store_info
quần âu Adidas nam đen còn size XL không,product
quần suông Uniqlo trắng còn hàng không bro,product
áo khoác nữ nike xanh có size xl hok,product
tôi muốn mua quần palazzo đen size m,product
sản phẩm áo khoác nữ đen còn available không shop,product
quần palazzo nữ kèm đai có màu trắng hok,product
Hôm nay mình nên go đâu cho comfy,else
Tôi muốn mua áo thun Puma nữ đen logo cam size XL,product
Mua hàng có được giảm giá khi thanh toán online không,terms
bạn thích trà sữa hay cà phê hơn,else
bạn thích chơi bóng đá hay cầu lông,else
cửa hàng có gần công ty hok,store_info
xin chào shop có sell qua Gojek không,store_info
Áo thun Nike nam xanh đậm còn size L không,product
Quần suông nữ Uniqlo xanh còn size S không,product
áo thun nam puma đen có logo hồng hok,product
shop có giảm giá khi mua combo không shop,terms
áo thun bé trai đỏ còn hàng không bro,product
cửa hàng có ship nhanh hok,store_info
áo thun Nike nam vàng còn size M không,product
bạn có thích nuôi cá cảnh không,else
Mình nên eat gì để ngon miệng hôm nay,else
quần palazzo Zara đen trắng còn size XL không,product
áo sơ mi Zara nam navy ngắn tay còn size XL không,product
Sản phẩm áo thun Puma nam đen còn hàng không shop,product
mình nên đi ngủ lúc mấy giờ,else
mình nên chơi nhạc cụ gì,else
bạn thích chơi game bắn súng hay đua xe,else
bạn recommend quán ăn nào gần hà đông,else
áo thun Uniqlo nam trắng còn hàng không,product
Bạn có biết cách tiết kiệm tiền không,else
Mình nên eat gì cho healthy hôm nay,else
tôi có thể qua thẻ khi COD không shop,terms
Cửa hàng có bán đồ phong cách mùa hè không,store_info
tôi có thể get refund qua bank nếu lỗi không shop,terms
Ship qua Lalamove có nhanh không shop,terms
Mình nên eat gì để fit hơn hôm nay,else
Mình nên eat gì để fit hơn,else
Áo khoác nam Nike đen trơn còn size XL không,product
hi shop có bán đồ phong cách teen không,store_info
hi shop có gần siêu thị không,store_info
you like nghe music gì vậy,else
cửa hàng có bán đồ giá rẻ không,store_info
Tôi muốn mua quần jean Levi’s bé xanh size XL,product
cửa hàng có gần khu đô thị hok,store_info
quần dài bé Zara chấm bi đen còn size M không,product
Cửa hàng có bán đồ phong cách Âu Mỹ không,store_info
cửa hàng có gần khu dân cư không,store_info
shop có chấp nhận đổi qua email không shop,terms
áo thun bé gái hồng có thêu hoa hok,product
bạn know cách làm bánh ngọt không,else
you nghĩ mình nên learn gì cho fun,else
Hôm nay có phải ngày đẹp để đi chơi không,else
hôm nay đi đâu cho gần mà thoải mái,else
Mình nên học gì để kiếm thêm tiền,else
Bạn có biết cách làm đẹp không,else
quần jean bé trắng còn available không,product
áo khoác nữ Adidas hồng pastel còn size M không,product
Refund money mất bao lâu vậy shop,terms
bạn có like chơi game PC không,else
tôi có thể get free ship nếu mua online không,terms
quần jogger Adidas nam xanh đậm còn hàng không,product
tôi muốn mua quần,product
áo sơ mi Zara nam trắng còn size L không,product
shop có free ship cho đơn trên 1 triệu không,terms
áo thun H&M nữ hồng còn available không,product
áo thun Carter’s bé gái xanh còn hàng không,product
xin chào shop có sell đồ phong cách teen không,store_info
Hôm nay mình nên đi đâu cho mát mẻ,else
mua 2 cái có ưu đãi gì hok,terms
hàng lỗi có được đổi sang màu khác hok,terms
Áo khoác nữ Nike xanh đậm còn size XL không,product
hôm nay mình nên nghe gì để chill,else
Shop có bán váy hoa công chúa bé gái size L không,product
Áo khoác Levi’s denim nam còn size S không,product
Sản phẩm quần jogger Adidas nam trắng còn available không shop,product
shop có đổi hàng qua instagram không,terms
bạn thích uống nước ép hay sinh tố,else
shop có chấp nhận đổi qua fanpage không,terms
cửa hàng có bán đồ nam rẻ hok,store_info
mình nên xem phim gì để vui vẻ hôm nay,else
Shop có bán quần tây Hugo Boss trắng size L không,product
Đổi hàng có cần giữ nguyên bao bì không,terms
Hello shop có gần cầu vượt không,store_info
shop có bán áo khoác nam vàng size s không,product
Ship qua Shopee có track được không shop,terms
Sản phẩm áo thun Uniqlo nam xám còn hàng không shop,product
Mua COD có cần trả tiền trước không,terms
quần suông H&M xanh đậm còn stock không,product
sản phẩm quần palazzo xanh còn stock không shop,product
Sản phẩm quần jogger Adidas nam xám còn hàng không shop,product
Cửa hàng có bán đồ phong cách mùa đông không,store_info
quần suông hồng còn hàng không bro,product
bạn biết cách làm bánh mì kẹp không,else
quần jogger nam có dây rút hok,product
cửa hàng có gần trung tâm thương mại Vincom không,store_info
tôi có thể đổi hàng nếu không vừa size không shop,terms
áo khoác nam nike đen có mũ hok,product
Quần âu nam có màu xám không,product
Hello shop có gần ngân hàng không,store_info
Áo khoác Levi’s denim nam xanh còn size L không,product
How to đổi hàng nếu không vừa size shop,terms
bạn like nghe music pop hay rap,else
How to đổi hàng nếu lỗi nhỏ shop,terms
How to return hàng nếu không vừa,terms
Áo thun Puma nam đen còn size S không,product
áo thun nữ trắng còn available không bro,product
shop có free ship cho đơn trên 2 triệu không,terms
bạn biết cách làm đồ chơi hok,else
you nghĩ mình nên eat gì cho ngon,else
Mình nên eat gì để healthy hơn hôm nay,else
Ship qua Viettel Post có track được không shop,terms
Hôm nay mình nên go đâu cho vui,else
mình nên học gì để kiếm việc làm,else
bạn like ăn sushi hay phở,else
quần palazzo H&M xanh đậm còn size M không,product
Shop có bán quần tây Hugo Boss xanh size XL không,product
Chào shop có open vào thứ bảy không,store_info
Giao hàng có hỗ trợ giao qua Be không,terms
Áo thun nam Nike có màu nâu không,product
Cửa hàng có bán đồ phong cách boho không,store_info
bạn biết cách làm bánh pizza không,else
mình nên học gì để kiếm việc làm,else
Giao hàng có hỗ trợ giao qua AhaMove không,terms
áo thun nữ đen còn available không,product
tôi có thể đổi hàng qua zalo không shop,terms
cửa hàng có bán đồ phong cách tối giản hok,store_info
Mình nên học nấu món gì trước,else
mình nên làm gì để đỡ buồn hôm nay,else
áo sơ mi Zara nam trắng dài tay còn size S không,product
áo thun bé gái xanh còn stock không,product
Tôi muốn mua áo thun GAP bé trai xanh size S,product
Hàng lỗi có được hoàn tiền ngay không,terms
xin chào,store_info
cửa hàng có bán đồ unisex hok,store_info
bạn có biết cách làm bánh ngọt không,else
you like ăn đồ nướng hay đồ luộc,else
Giao hàng có giao qua Giao Hàng Nhanh không,terms
Áo sơ mi nữ Zara xanh pastel còn size L không,product
Hôm nay mình nên mặc quần gì cho thoải mái,else
shop có bán quần tây xanh size xl không,product
tôi muốn mua quần âu đen size l,product
bạn thích chơi bóng bàn hay cầu lông,else
Mình nên learn gì cho fun,else
cửa hàng có bán đồ bé gái nhiều hok,store_info
hello shop,store_info
cửa hàng có bán đồ phong cách streetwear hok,store_info
Tôi muốn mua áo thun Nike nam đen size M,product
mình nên đi chơi với ai hôm nay,else
Mình nên buy gì cho bạn thân,else
bạn có biết nấu phở ngon không,else
mua online có được thử hok,terms
bạn có thích đi bộ buổi sáng không,else
bạn có thích vẽ tranh hok,else
trời hôm nay có mưa hok,else
tôi có thể qua bank khi nhận hàng không,terms
Cửa hàng có bán qua zalo không vậy,store_info
Hôm nay mình nên xem phim gì trên Netflix,else
quần jogger nam xanh đậm còn hàng không,product
Áo thun nam Uniqlo trắng còn size L không,product
cửa hàng có gần nhà ga hok,store_info
Hôm nay weather đẹp không bạn,else
quần âu Adidas đen còn size M không,product
Áo sơ mi H&M bé trai navy còn size XL không,product
áo thun nam gap phối màu còn size l hok,product
Giao hàng có hỗ trợ giao qua Viettel Post không,terms
áo sơ mi nữ xanh nhạt còn size xl hok,product
Sản phẩm áo thun GAP nam xanh còn stock không shop,product
mua hàng có được xem trước hok,terms
Ship qua GrabExpress có fast không shop,terms
Đổi hàng có cần hóa đơn không,terms
hôm nay đi đâu cho thoải mái,else
quần jean bé Levi's xanh còn size S không,product
sản phẩm áo khoác nam xanh còn stock không shop,product
Hôm nay mình nên do gì để happy,else
bạn biết cách làm bánh cupcake không,else
hi shop có open hôm nay không,store_info
bạn recommend quán trà sữa nào ngon,else
Cửa hàng có bán đồ phong cách mùa thu không,store_info
áo sơ mi nữ Zara xanh nhạt ngắn tay còn size L không,product
how to tiết kiệm tiền hiệu quả vậy,else
Sản phẩm váy bé gái Carter’s hồng còn hàng không shop,product
mình nên xem show gì trên tivi,else
Áo thun nam Puma trắng còn size S không,product
áo sơ mi bé trai pikachu còn size s hok,product
mình nên học gì để giỏi hơn nhỉ,else
Hôm nay mình nên xem video gì trên YouTube,else
quần palazzo H&M trắng còn available không,product
tôi có thể qua bank nếu COD không shop,terms
quần palazzo Zara trắng đen còn size S không,product
bạn thích chơi bóng đá hay cầu lông,else
Shop có bán áo sơ mi Zara nữ xanh size XL không,product
Áo thun nam Adidas xanh còn size M không,product
Tôi muốn mua áo thun GAP nữ đen size S,product
cửa hàng có ở nguyễn trãi hok,store_info
Giao hàng có hỗ trợ giao qua J&T không,terms
cửa hàng có hỗ trợ giao hàng qua grab không,store_info
Áo thun H&M bé gái pink còn size L không,product
quần dài bé chấm bi đen còn hok,product
bạn có biết cách làm đồ uống lạnh không,else
giao hàng trễ có bồi thường hok,terms
shop có bán áo thun bé trai đỏ không,product
áo sơ mi Zara nam navy còn size XL không,product
áo sơ mi nữ linen xanh pastel còn hok,product
hôm nay mình nên nghe gì để ngủ ngon,else
hi shop có bán đồ phong cách teen không,store_info
cửa hàng có bán đồ mùa hè hok,store_info
quần suông Uniqlo xám còn hàng không bro,product
cửa hàng có gần sân bay hok,store_info
Bảo hành sản phẩm bao lâu,terms
Giao hàng có hỗ trợ giao qua Giao Hàng Nhanh không,terms
áo thun nam raglan vàng nâu còn hok,product
Hôm nay mình nên listen nhạc gì,else
Hôm nay mình nên do gì cho fun,else
Quần jogger Adidas nam xanh còn size S không,product
quần suông Uniqlo đen còn available không bro,product
Hôm nay mình nên làm gì để vui vẻ,else
Đổi hàng có cần chụp ảnh hóa đơn không,terms
bạn thích đội bóng nào nhất,else
xin chào shop có sell qua Lazada không,store_info
tôi muốn mua áo thun nam trắng size xl,product
Chính sách đổi trả có áp dụng cho hàng mua sỉ không,terms
Cửa hàng có bán đồ phong cách dễ thương không,store_info
shop có bán váy bé gái xanh size l không,product
áo thun Carter’s bé gái hồng còn size M không,product
tôi muốn mua quần suông đen size xl,product
Chào shop có sell qua instagram không,store_info
bạn thích ăn bánh mì hay cơm,else
Tôi muốn mua quần suông H&M xanh nhạt size XL,product
tôi muốn mua quần jogger nam đen size l,product
quần âu nam đen có co giãn hok,product
quần jogger nam Adidas đen còn size S không,product
mua xong trả lại được hok,terms
tôi có thể đổi hàng qua Instagram không shop,terms
thanh toán COD có tiện hok,terms
you like ăn đồ chay hay mặn,else
Shop có bán áo thun Puma bé trai đỏ không,product
shop có refund qua bank nếu lỗi không,terms
Quần jean bé Levi's xanh còn size M không,product
bạn thích chơi bóng đá hay bóng rổ,else
Shop có bán váy bé gái Uniqlo hồng size S không,product
bạn có biết chơi cờ vua hok,else
Áo thun nữ cổ tim có màu xám không,product
sản phẩm quần jean bé xanh còn available không shop,product
cửa hàng có bán đồ mùa thu hok,store_info
tôi muốn mua quần jean bé xanh size l,product
sản phẩm áo thun nam đỏ còn hàng không shop,product
áo thun bé trai Nike đỏ còn size S không,product
Tôi muốn mua áo khoác Uniqlo phao trắng size S,product
xin chào shop có sell đồ phong cách teen không,store_info
shop có refund qua thẻ nếu lỗi không shop,terms
bạn thích ăn đồ ngọt hay đồ chua,else
Chính sách đổi trả có áp dụng cho hàng mua online không,terms
Giao hàng có hỗ trợ giao qua ứng dụng khác không,terms
bạn có thích ăn đồ chua không,else
shop có bán áo khoác nam xanh size xl không,product
how to tập yoga tại nhà vậy,else
sản phẩm váy bé gái size l còn hàng không shop,product
áo thun nữ Puma đen còn size S không,product
xin chào shop có hỗ trợ qua Shopee không,store_info
áo thun Puma đen nam price bao nhiêu vậy,product
tôi muốn mua quần jean bé xanh size l,product
Chính sách đổi trả có áp dụng cho hàng lỗi không,terms
Chính sách hoàn tiền áp dụng cho hàng sale không,terms
Sản phẩm quần palazzo Zara xanh còn stock không shop,product
Quần jean Levi’s bé xanh còn size S không,product
Cửa hàng có bán đồ phong cách tối giản không,store_info
bạn có biết cách chăm sóc chó không,else
Áo thun H&M bé gái hồng còn size XL không,product
tôi muốn mua áo,product
how to học tiếng nhật cơ bản vậy,else
sản phẩm váy bé gái trắng còn hàng không shop,product
mua hàng có được giảm giá sốc hok,terms
hi shop có bán đồ phong cách teen không,store_info
bạn có like ăn đồ ngọt không,else
mình nên xem gì trên youtube tối nay,else
áo sơ mi Zara nữ pastel green còn hàng không,product
áo thun nam trắng xanh còn hàng không bro,product
Tôi nên tập gym hay yoga,else
Quần suông Uniqlo xanh nhạt còn size S không,product
Cửa hàng có bán đồ phong cách tối giản không,store_info
Hôm nay mình nên wear gì cho trendy,else
áo thun Carter’s bé gái hồng còn size S không,product
Cửa hàng có bán đồ phong cách mùa đông không,store_info
tôi có thể get discount nếu mua online không shop,terms
shop có bán áo khoác denim nam size m không,product
Change hàng có cần keep hộp không shop,terms
Sản phẩm áo polo Lacoste nam đen còn hàng không shop,product
tôi có thể đổi hàng qua fanpage không shop,terms
sản phẩm váy bé gái trắng còn hàng không shop,product
giao hàng có đúng hẹn hok,terms
Áo thun nam Puma trắng logo xanh còn size L không,product
Sản phẩm váy hoa bé gái Carter’s hồng còn hàng không shop,product
bạn biết cách làm đồ uống detox không,else
quần jogger bé Gap hồng nhạt còn size S không,product
Hôm nay mình nên go đâu cho gần,else
Hôm nay mình nên do gì để chill,else
Tháng sau tôi có nên đi du lịch không,else
how to làm đồ trang sức đơn giản,else
Giao hàng có hỗ trợ giao qua ứng dụng Baemin không,terms
áo khoác nữ nike xanh đậm còn size s hok,product
cửa hàng có gần trường học hok,store_info
Điều kiện đổi trả hàng cụ thể ra sao,terms
hàng lỗi gửi lại mất phí hok,terms
áo thun bé gái trắng còn hàng không,product
shop có bán quần jogger bé trắng không,product
Cửa hàng có bán đồ phong cách thời thượng không,store_info
hi shop có bán đồ phong cách công sở không,store_info
hi shop có bán đồ phong cách công sở không,store_info
Đổi hàng có cần liên hệ qua email không,terms
Tôi muốn mua áo khoác Zara nữ hồng size M,product
Tôi có nên đi ngủ sớm không,else
sản phẩm váy hoa bé gái hồng còn hàng không shop,product
tôi muốn mua áo khoác nam đen size xl,product
Giao hàng có hỗ trợ giao qua ứng dụng Shopee Express không,terms
Giao hàng có hỗ trợ giao qua MyGo không,terms
Hôm nay mình nên ăn gì để giảm cân,else
áo sơ mi nam Zara trắng dài tay còn size XL không,product
áo thun Puma nữ hồng còn hàng không,product
shop có bán quần jean bé xanh size m không,product
shop có đổi hàng qua số hotline không,terms
tôi muốn mua áo khoác denim nữ size m,product
xin chào shop có sell qua tiki không,store_info
tôi có thể qua momo khi nhận hàng không,terms
áo thun Puma nữ đen logo hồng còn size L không,product
áo khoác nam north face xanh rêu có sẵn hok,product
xin chào shop có hỗ trợ qua Shopee Express không,store_info
bạn thích ăn cơm hay mì,else
bạn recommend quán ăn nào rẻ,else
áo thun Uniqlo nữ xám còn size M không,product
Hôm nay nên do gì cho relax,else
bạn like ăn phở hay bún bò,else
Áo thun nữ có logo Puma giá bao nhiêu,product
Áo khoác nam The North Face xanh rêu còn size L không,product
Mình nên listen gì để chill tối nay,else
đổi hàng có cần giữ túi hok,terms
tôi có thể get refund nếu hàng lỗi nhỏ không,terms
Cửa hàng có hỗ trợ giao hàng tận nhà không,store_info
Cửa hàng có gần nhà văn hóa Mỗ Lao không,store_info
Giao hàng có tính phí với đơn dưới 500k không,terms
Mình nên làm gì để ngủ ngon hơn,else
Tôi muốn mua áo thun Puma nam trắng size S,product
you nghĩ mình nên watch phim Hàn không,else
Mình nên do gì để happy hơn,else
Hôm nay mình nên đi đâu cho thoải mái,else
Hàng lỗi có được đổi qua fanpage không,terms
bạn có know cách làm bánh ngọt không,else
How to đổi hàng nếu không vừa shop,terms
cửa hàng có gần sân vận động hok,store_info
cửa hàng có ship qua grab hok,store_info
Mình nên do gì để relax cuối tuần,else
hôm nay trời mưa không bạn,else
Hôm nay mình nên đi đâu cho vui,else
tôi muốn mua quần jean bé xanh size xl,product
cửa hàng có kênh youtube không,store_info
Sản phẩm áo sơ mi H&M nữ xanh còn available không shop,product
giao hàng có giao qua gojek hok,terms
Thanh toán bằng thẻ được không,terms
Sản phẩm áo sơ mi Zara nam trắng còn hàng không shop,product
bạn thích trà sữa vị nào nhất,else
Chào shop có gần công viên Thống Nhất không,store_info
Cửa hàng có ở khu vực Hà Đông không,store_info
cửa hàng có gần trung tâm hội nghị hok,store_info
bạn like nghe music pop hay rock,else
Áo thun bé gái có màu hồng nhạt không,product
bạn thích chơi game một mình hay với bạn,else
mình nên xem phim gì tối nay nhỉ,else
Hôm nay có mưa không bạn,else
sản phẩm váy bé gái hồng còn hàng không shop,product
áo thun Nike nam vàng kem how much bro,product
Tôi muốn mua quần tây Hugo Boss đen size M,product
Đổi hàng có cần chụp ảnh sản phẩm không,terms
bạn có thích hát karaoke hok,else
hôm nay đi đâu chơi cho vui,else
Hôm nay mình nên làm gì để đỡ buồn,else
Đổi hàng có cần liên hệ qua email không,terms
Mua hàng COD có cần ký nhận không,terms
quần jogger Adidas nam xám còn size XL không,product
mua hàng có được giảm giá lần sau hok,terms
Sản phẩm áo thun H&M bé gái trắng còn hàng không shop,product
cửa hàng có gần trung tâm hội nghị không,store_info
mình nên xem gì để giải trí hôm nay,else
quần palazzo nữ đen trắng còn size m hok,product
bạn có thích ăn đồ luộc không,else
Áo polo nam Lacoste pink còn size L không,product
Áo thun Uniqlo nam trắng còn size XL không,product
Đổi hàng có mất phí vận chuyển không,terms
Áo polo nam Lacoste hồng còn size L không,product
bạn biết cách làm đồ handmade không,else
quần jogger Gap bé hồng còn size M không,product
cửa hàng có bán đồ nữ nhiều hok,store_info
Giao hàng có hỗ trợ giao qua AhaMove không,terms
how to làm đồ trang trí giáng sinh,else
bạn thích ăn đồ ngọt hay mặn,else
sản phẩm áo thun nam đỏ còn available không shop,product
Mình nên watch phim gì cho funny,else
Áo thun nam Nike xanh đậm còn size L không,product
Hello shop có gần bảo tàng không,store_info
cửa hàng có gần khu vực Hai Bà Trưng không,store_info
áo thun nam Nike vàng còn size L không,product
áo polo nam trắng còn stock không bro,product
Bạn có thích chơi game không,else
mình nên đi chơi đâu gần hà nội,else
áo thun nữ Puma đen còn size XL không,product
áo thun nam Nike vàng kem giá bao nhiêu,product
áo thun nữ hồng còn available không,product
bạn có like ăn đồ nướng không,else
Mua hàng online có được đổi trả không,terms
Shop có bán áo khoác Zara nữ hồng size M không,product
hôm nay ăn gì để khỏe mà ngon,else
bạn thích chơi game online hay offline,else
tôi có thể check hàng trước khi nhận không shop,terms
Mua hàng online có được đổi tại cửa hàng không,terms
cửa hàng giao hàng cuối tuần hok,store_info
Change size khác có charge phí không,terms
cửa hàng có gần bảo tàng không,store_info
Giao hàng nội thành mất bao lâu vậy,terms
bạn biết cách làm tóc đẹp không,else
đổi hàng có cần liên hệ trước hok,terms
Áo khoác nữ Uniqlo phao hồng còn size L không,product
áo thun Uniqlo nữ xám còn hàng không bro,product
quần suông trắng còn stock không bro,product
quần palazzo H&M xanh đậm còn size S không,product
cửa hàng có gần trạm xe buýt không,store_info
Mua hàng COD có mất thêm phí không,terms
bạn recommend quán ăn nào gần mỗ lao,else
cửa hàng có gần rạp chiếu phim hok,store_info
Tôi muốn mua váy bé gái Carter’s trắng size S,product
Mình nên học gì để kiếm tiền nhanh,else
Hàng lỗi có được đổi qua instagram không,terms
hí shop,store_info
Cửa hàng có hỗ trợ giao hàng qua Tiki không,store_info
ship hàng có giao qua ghnh hok,terms
quần tây xanh còn stock không bro,product
Facebook của cửa hàng là gì,store_info
mình nên wear gì để cool hôm nay,else
bạn có know cách chăm sóc tóc không,else
Shop có bán áo thun Puma nam xanh size XL không,product
tôi muốn mua áo khoác nữ hồng size s,product
Mình nên wear gì để trendy hôm nay,else
tôi muốn mua áo thun bé trai xanh size s,product
áo thun nam puma trắng có chữ xanh hok,product
mình nên chơi game gì cho relax,else
áo khoác nam denim xanh có túi hok,product
Bạn có thích ăn đồ chua không,else
cửa hàng có bán đồ phong cách teen không,store_info
Shop có bán áo thun Puma nam trắng logo xanh không,product
bạn có biết cách làm đồ trang trí không,else
cửa hàng có gần khu công nghiệp không,store_info
thanh toán qua momo được hok,terms
Cửa hàng có gần chợ Hà Đông không,store_info
quần suông trắng còn available không bro,product
Hello shop có sell qua lazada không,store_info
quần suông nữ Uniqlo xanh nhạt có dây buộc không,product
Hello shop có gần trung tâm hội nghị không,store_info
hôm nay trời đẹp không bạn,else
bạn biết cách làm đồ trang trí không,else
hôm nay đi đâu cho gần mà vui,else
quần dài nam xanh navy có sọc hok,product
bạn thích uống cà phê hay trà,else
shop có bán áo thun nam trắng size l không,product
mình nên làm gì để thư giãn,else
áo sơ mi Zara nam trắng còn size M không,product
tối nay mình nên nghe bài hát nào,else
mình nên chơi game gì cho vui,else
Sản phẩm áo khoác Adidas nữ hồng còn hàng không shop,product
hôm nay ăn gì để no mà healthy,else
sản phẩm áo sơ mi nữ trắng còn available không shop,product
teen code là gì bạn biết hok,else
Mua hàng có được giảm giá khi mua combo không,terms
cửa hàng có bán đồ phong cách thể thao hok,store_info
Hôm nay mình nên go đâu cho relax,else
Chào shop có gần trạm tàu điện không,store_info
Cái áo này có hợp với tôi không,else
Quần palazzo nữ Zara đen trắng còn size S không,product
tôi muốn mua quần tây đen size m,product
hôm nay mình nên nghe music gì chill,else
mình nên ăn tối ở đâu ngon,else
cửa hàng có fanpage hok,store_info
hôm nay mình nên đi đâu cho chill,else
cửa hàng có bán đồ bé trai nhiều hok,store_info
cửa hàng có bán qua tiki hok,store_info
quần suông xanh đậm còn stock không bro,product
Tôi muốn mua quần jogger Adidas nam đen size L,product
bạn recommend chỗ ăn sáng nào ngon,else
Áo thun H&M bé gái hồng còn size S không,product
Shop có bán quần tây Hugo Boss đen size XL không,product
áo khoác Adidas nam vàng còn size XL không,product
Giao hàng đến Hà Đông mất bao lâu,terms
Áo khoác Zara nữ hồng còn size M không,product
shop có bán váy hoa công chúa bé gái size l không,product
bạn có thích ăn đồ cay không,else
quần palazzo nữ Zara đen có size XL không,product
Cửa hàng có bán đồ phong cách hiphop không,store_info
áo thun H&M nữ đen còn hàng không,product
shop có bán quần tây đen size xl không,product
Hôm nay mình nên wear gì cho trendy,else
áo thun Uniqlo nữ xanh còn hàng không,product
Ship qua Grab có charge phí không shop,terms
Ship qua AhaMove có hàng không,terms
mình nên xem youtube kênh nào hay,else
Cửa hàng có bán đồ phong cách thể thao không,store_info
Chào shop có bán đồ teen không,store_info
bạn có thích chơi cờ tướng không,else
bạn nghĩ mình nên watch phim gì tối nay,else
cửa hàng có gần ngân hàng không,store_info
hàng lỗi có được đổi qua zalo hok,terms
Áo thun Uniqlo nam trắng còn size M không,product
Ship qua Viettel Money có available không,terms
Sản phẩm áo thun Nike bé trai đỏ còn hàng không shop,product
Hello shop có gần chợ Hà Đông không,store_info
Mua hàng có được giảm giá khi mua số lượng lớn không,terms
Giao hàng có hỗ trợ giao qua ứng dụng MyGo không,terms
bạn có biết cách pha trà chanh không,else
quần palazzo nữ H&M xanh còn size XL không,product
you nghĩ mình nên buy giày nào,else
áo thun Uniqlo nữ xám còn size S không,product
Chính sách đổi trả có cần lý do không,terms
shop có chấp nhận đổi qua fanpage không shop,terms
tôi có thể giảm giá if pay online không,terms
cửa hàng có gần ngân hàng hok,store_info
áo thun bé gái Uniqlo hồng nhạt còn size L không,product
áo thun Uniqlo nữ đen còn hàng không,product
Hôm nay mình nên wear gì cho comfy,else
you like ăn đồ ngọt hay đồ mặn,else
hi shop có bán đồ phong cách công sở không,store_info
bạn biết cách làm video hok,else
cửa hàng có gần nhà hàng hok,store_info
cửa hàng có gần khu vực Hà Đông không,store_info
Sản phẩm áo thun Nike nữ vàng còn hàng không shop,product
áo khoác nữ phao hồng nhạt có mũ hok,product
áo thun nam GAP trắng xanh giá bao nhiêu,product
Shop có bán váy bé gái Uniqlo đen size L không,product
sản phẩm áo polo nam trắng còn available không shop,product
mua COD có cần trả trước hok,terms
Hôm nay mình nên ăn gì để khỏe mạnh,else
Cửa hàng ở đâu,store_info
cửa hàng có gần khu vực Gia Lâm không,store_info
tôi có thể đổi hàng nếu không thích màu không,terms
mình nên học gì để kiếm tiền,else
tôi muốn mua áo thun nam trắng size s,product
mua hàng có được tích điểm hok,terms
quần jogger bé họa tiết còn size m hok,product
tôi có thể qua momo nếu COD không shop,terms
tôi muốn mua sơ mi,product
bạn biết cách làm tóc đẹp hok,else
áo khoác nam da lộn xanh đen còn hok,product
sản phẩm quần suông xanh nhạt còn available không shop,product
cửa hàng có gần khu vực Quốc Oai không,store_info
Ship qua Giao Hàng Nhanh có fast không shop,terms
Hôm nay weather thế nào nhỉ,else
Mua hàng có được hỗ trợ gói quà không,terms
bạn biết cách làm đồ thủ công hok,else
giao hàng có cần ký nhận hok,terms
how to làm đồ uống detox tại nhà,else
cửa hàng có gần trạm xe buýt hok,store_info
hàng lỗi có được đổi qua instagram hok,terms
Mình nên do gì để happy hôm nay,else
hôm nay ăn gì để ngon mà rẻ,else
cửa hàng có gần nhà văn hóa hok,store_info
quần jogger Adidas nam đen còn size M không,product
Shop có bán áo thun Nike bé trai xanh size XL không,product
đổi hàng có cần mang theo hộp hok,terms
how to làm đồ handmade cho bé,else
Sản phẩm áo khoác Levi’s denim nam còn stock không shop,product
tôi có thể đổi hàng qua Instagram không shop,terms
Áo khoác Levi’s denim nam còn size L không,product
bạn thích ăn đồ nướng hay đồ hấp,else
Ship qua J&T có nhanh không shop,terms
how to làm đồ trang trí đơn giản,else
Quần palazzo nữ H&M xanh đậm còn size XL không,product
Giao hàng miễn phí từ bao nhiêu tiền,terms
Chính sách đổi trả có áp dụng cho hàng đặt không,terms
cửa hàng có ship COD toàn quốc hok,store_info
cửa hàng có gần siêu thị hok,store_info
bạn có biết cách chăm sóc móng không,else
Giao hàng có giao vào chủ nhật không,terms
mình nên ăn sáng món gì,else
Chính sách đổi trả có áp dụng cho hàng đặt may không,terms
shop có bán quần palazzo xanh đậm size l không,product
cửa hàng có bán qua zalo hok,store_info
Hello shop có gần nhà ga không,store_info
áo khoác nam nike đen trơn có size l hok,product
Quần jogger bé Gap hồng có họa tiết không,product
quần tây Hugo Boss hồng còn stock không bro,product
bạn biết cách làm đồ uống sinh tố không,else
Change size có cần call trước không shop,terms
mình nên đi đâu cuối tuần này,else
cửa hàng có gần bưu điện hok,store_info
Mình nên học gì để phát triển bản thân,else
cửa hàng có gần sân vận động không,store_info
áo sơ mi Zara nữ xanh còn size M không,product
áo sơ mi Zara nam trắng size S còn hàng không bro,product
Áo sơ mi nam Zara trắng họa tiết còn size L không,product
tôi có thể check hàng trước khi pay không shop,terms
cửa hàng có gần nhà thờ hok,store_info
Quần suông nữ Uniqlo xanh nhạt có dây buộc không,product
tôi muốn mua quần jogger nam trắng size m,product
Chào shop có gần nhà hàng không,store_info
áo thun bé trai Nike đỏ USA còn size M không,product
Con chó nhà tôi bị bệnh làm sao đây,else
shop có free ship cho đơn trên 700k không,terms
áo thun Puma nữ đen còn size L không,product
quần palazzo trắng còn available không,product
áo khoác nữ hồng còn stock không,product
áo thun nữ Uniqlo xám cổ tim còn size M không,product
Áo khoác nam H&M da lộn xanh đen còn size M không,product
Quần jean bé Levi's xanh giá bao nhiêu,product
bạn recommend món ăn vặt nào ngon,else
Mình nên học ngoại ngữ nào trước,else
bạn biết cách làm bánh mì pate không,else
bạn biết cách học giỏi hok,else
Áo thun Puma nữ đen còn size S không,product
xin chào shop có sell đồ mùa đông không,store_info
Váy hoa bé gái Carter’s còn size L không,product
shop có bán áo sơ mi nữ hồng size xl không,product
Ship qua Lalamove có fast không shop,terms
Tôi muốn mua áo khoác Adidas nữ hồng size S,product
Hàng lỗi có được đổi qua website không,terms
áo sơ mi nam đen còn stock không,product
Tôi muốn mua quần âu Adidas đen size L,product
áo polo Lacoste nam hồng còn available không bro,product
quần palazzo Zara đen còn size L không,product
How to đổi hàng nếu không đúng size shop,terms
bạn thích ăn sushi hay pizza,else
Bạn có tin vào tình yêu không,else
hi shop có bán đồ phong cách Nhật không,store_info
cửa hàng có bán đồ công sở hok,store_info
shop có bán quần tây xám không,product
giao hàng nhanh hok,terms
how to làm đồ uống mát cho mùa hè,else
Tôi muốn mua áo thun Puma nam đen size L,product
Ship qua Shopee Express bao lâu tới shop,terms
tối nay đi chơi đâu vui,else
Hôm nay mình nên ăn gì cho ngon miệng,else
Mình nên mua sách gì để đọc cuối tuần,else
you like ăn đồ ngọt hay đồ chua hơn,else
you like ăn đồ ngọt hay đồ mặn,else
Ship qua Grab bao lâu thì tới shop,terms
Cửa hàng có hỗ trợ giao hàng qua Gojek không,store_info
bạn biết cách làm bánh mì không,else
áo khoác Adidas nam vàng còn size XL không,product
Mình nên eat gì để fit hơn hôm nay,else
shop có bán áo khoác nam đen size m không,product
shop có bán áo thun bé trai trắng size xl không,product
you like ăn phở hay bún chả,else
Cửa hàng mở cửa sớm nhất lúc mấy giờ,store_info
Quần jean bé có size S không,product
If hàng lỗi thì refund sao shop,terms
hi shop có bán đồ phong cách công sở không,store_info
Hello shop có gần khách sạn không,store_info
quần jean Levi’s bé xanh còn size S không,product
Mình nên xem phim gì cuối tuần này,else
you nghĩ mình nên eat gì cho ngon,else
áo khoác nam Adidas vàng còn size XL không,product
Giao hàng có hỗ trợ giao qua Viettel Money không,terms
bạn recommend món ăn nào ngon,else
quần suông H&M xanh còn size L không,product
bạn có thích ăn đồ chiên dầu không,else
Áo thun bé trai Nike đỏ còn size S không,product
tôi có thể đổi hàng qua zalo không shop,terms
áo sơ mi bé trai Uniqlo trắng đen còn size M không,product
áo thun GAP bé gái hồng còn hàng không,product
bạn có thích đi du lịch hok,else
shop có ship qua Gojek không,terms
giao hàng có giao qua j&t hok,terms
Mình nên wear áo gì cho cool,else
Áo khoác Levi’s nam denim còn size XL không,product
Hôm nay mình nên go đâu chơi,else
áo sơ mi Zara nữ xanh nhạt còn size XL không,product
giao hàng có báo trước hok,terms
cửa hàng có bán qua lazada hok,store_info
Giao hàng trễ có được bồi thường không,terms
áo thun nữ đen còn available không,product
shop có refund qua momo nếu không vừa không,terms
Hôm nay mình nên do gì để relax,else
Shop có bán váy bé gái Carter’s trắng size XL không,product
Quần jean Levi’s bé xanh price bao nhiêu,product
Quần palazzo Zara đen còn size M không,product
áo polo nam lacoste hồng còn hok,product
cửa hàng có gần bệnh viện không,store_info
cửa hàng có gần khách sạn không,store_info
mình nên học nấu ăn ở đâu,else
Cửa hàng có bán đồ phong cách đơn giản không,store_info
Cửa hàng ở Nguyễn Trãi có dễ tìm không,store_info
Quần suông Uniqlo xanh nhạt còn size M không,product
quần suông xanh đậm còn stock không,product
Giao hàng có hỗ trợ giao qua Viettel Money không,terms
bạn thích chơi bóng rổ hay bóng chuyền,else
bạn like ăn đồ chiên hay đồ luộc,else
bạn có thích đi bộ không,else
Hôm nay mình nên làm gì để vui vẻ,else
hi shop có hỗ trợ qua facebook không,store_info
Chào shop có gần siêu thị không,store_info
bạn like nghe music Việt hay Hàn,else
cửa hàng có nhân viên tư vấn không,store_info
Váy bé gái Uniqlo hoa nhí còn size S không,product
Quần suông nữ Uniqlo xanh nhạt còn size S không,product
mình nên học tiếng nhật hay hàn,else
Áo thun bé gái Carter's hồng còn size S không,product
bạn thích chơi bóng chuyền hay bóng đá,else
cửa hàng có ở mỗ lao hok,store_info
áo sơ mi bé trai trắng còn available không bro,product
hôm nay ăn gì để khỏe mạnh nhỉ,else
Cửa hàng có bán đồ phong cách thanh lịch không,store_info
Áo thun bé trai Nike trắng GOAL còn size XL không,product
mình nên xem show gì trên tivi,else
giao hàng có cần đặt cọc hok,terms
shop có bán quần palazzo trắng size l không,product
bạn recommend phim nào funny,else
shop có bán quần palazzo xanh size m không,product
Mình nên do gì để happy hôm nay,else
hôm nay ăn gì để fit hơn nhỉ,else
Hello shop có giao qua J&T không,store_info
Hỗ trợ khách hàng qua kênh nào,terms
Giao hàng có hỗ trợ giao qua Lalamove không,terms
Chào shop có gần cầu vượt không,store_info
xin chào shop có wifi free không,store_info
shop có ship qua AhaMove không shop,terms
Hàng lỗi có được đổi qua số hotline không,terms
Mình nên nghe nhạc gì để thư giãn,else
Hello shop có gần trường mầm non không,store_info
áo sơ mi Zara nam navy còn size M không,product
Tôi muốn mua áo thun Uniqlo nam trắng size XL,product
how to học nấu ăn nhanh vậy,else
tôi có thể get discount nếu giới thiệu bạn không,terms
bạn biết cách pha cà phê ngon không,else
bạn know cách làm bánh flan không,else
mua nhiều có được giảm ship hok,terms
Mình nên mua điện thoại hãng nào,else
bạn recommend món ăn trưa nào ngon,else
cửa hàng có gần khách sạn hok,store_info
Chào shop có gần khu vui chơi không,store_info
áo khoác dù nữ hồng pastel còn hok,product
Giao hàng có hỗ trợ giao qua Gojek không,terms
cửa hàng có bán đồ phong cách vintage không,store_info
áo sơ mi H&M bé trai xanh còn size S không,product
áo thun nam puma trắng giá rẻ hok,product
Hello shop có gần trạm xe buýt không,store_info
Cửa hàng có gần bến xe Hà Đông không,store_info
Cửa hàng có bán đồ phong cách trẻ trung không,store_info
shop có bán váy bé gái hoa nhí size s không,product
Sản phẩm áo sơ mi Zara nữ xanh nhạt còn hàng không shop,product
Website của cửa hàng có gì đặc biệt,store_info
Mua hàng có được giảm giá khi giới thiệu bạn bè không,terms
sản phẩm quần jogger nam xám còn stock không shop,product
làm sao để lấy discount khi mua online shop,terms
cửa hàng có gần khu vực Nam Từ Liêm không,store_info
sản phẩm áo sơ mi bé trai xanh còn available không shop,product
mình nên mua hoa gì tặng mẹ,else
Hôm nay mình nên ăn món gì cho ngon,else
Áo thun bé gái Carter's hồng nhạt còn size L không,product
Hello shop có gần đường Nguyễn Trãi không,store_info
sản phẩm áo thun nữ vàng còn hàng không shop,product
Hôm nay mình nên ăn gì cho rẻ,else
hôm nay ăn gì để không tăng cân,else
how to tập thể dục tại nhà vậy,else
Hello shop có gần trung tâm thương mại không,store_info
áo thun Carter’s bé gái hồng còn size XL không,product
shop có bán áo khoác nam đen size m không,product
cửa hàng có bán trên mạng hok,store_info
tôi có thể qua bank khi nhận hàng không,terms
quần tây nam Hugo Boss giá bao nhiêu,product
Áo thun bé gái Carter’s pink còn size XL không,product
bạn có biết cách chăm sóc da mặt không,else
áo khoác nữ Uniqlo phao hồng còn size M không,product
sản phẩm áo polo lacoste nam đen còn hàng không shop,product
hôm nay ăn gì cho healthy vậy,else
Mình nên đi du lịch ở đâu gần Hà Nội,else
Sản phẩm có được kiểm tra trước không,terms
quần jogger bé hồng còn available không bro,product
Chính sách đổi trả có cần mang theo hộp không,terms
áo sơ mi Zara nam navy còn size S không,product
áo khoác nữ adidas hồng pastel còn hok,product
bạn recommend chỗ ăn tối nào ngon,else
tôi muốn mua áo khoác phao xanh size s,product
Quần suông nữ có màu xanh nhạt không,product
sản phẩm áo polo nam xanh còn hàng không shop,product
cửa hàng có gần khu vực Đan Phượng không,store_info
quần suông nữ H&M xanh đậm còn size M không,product
mua online có được đổi size hok,terms
Giờ mở cửa của cửa hàng là mấy giờ,store_info
xin chào shop có sell đồ phong cách Hàn không,store_info
sản phẩm áo thun bé trai trắng còn available không shop,product
Shop có bán quần tây Hugo Boss xám không,product
Hôm nay có event gì fun không,else
quần jean bé màu xanh còn size l hok,product
Chào shop có gần nhà văn hóa Mỗ Lao không,store_info
Hàng lỗi có được hoàn tiền qua chuyển khoản không,terms
quần suông nữ H&M xanh đậm giá bao nhiêu,product
Ship hàng có deliver Sunday không shop,terms
Sản phẩm quần jogger Gap bé xanh còn hàng không shop,product
bạn có thích đi bộ hok,else
Shop có bán áo polo Lacoste nam xanh không,product
Hôm nay tôi nên nghe nhạc gì,else
you like ăn đồ nướng hay đồ hấp,else
bạn có know cách làm bánh không,else
áo sơ mi nữ Zara pastel green còn size M không,product
bạn thích ăn phở hay bún chả,else
how to làm đồ uống nóng cho mùa đông,else
sản phẩm áo sơ mi zara nam trắng còn stock không shop,product
bạn biết cách làm trà sữa không,else
Áo thun Nike nam xanh đậm còn size M không,product
tôi muốn mua áo khoác phao đỏ size l,product
Hôm nay mình nên eat gì cho healthy,else
bạn nghĩ mình nên buy gì cho bạn trai,else
tôi muốn mua áo sơ mi nữ hồng size s,product
bạn thích chơi game online hay offline,else
Áo khoác jeans Zara nữ xanh còn size L không,product
Áo thun Puma nam màu đen giá bao nhiêu,product
Quần palazzo nữ Zara đen có size L không,product
you like xem phim hành động hay hài,else
Mình nên watch gì tối nay nhỉ,else
Cửa hàng có bán đồ phong cách Nhật Bản không,store_info
hi shop có bán đồ phong cách vintage không,store_info
áo sơ mi bé trai xanh navy ngắn tay còn hok,product
bạn có like nghe rap không,else
thanh toán thẻ visa được hok,terms
Hello shop có gần khách sạn không,store_info
tôi muốn mua áo thun nam đen logo hồng size s,product
mình nên xem gì để giải trí tối nay,else
Cửa hàng có gần chợ không,store_info
Shop có bán áo thun Carter’s bé gái hồng không,product
how to làm đồ uống trà sữa đơn giản,else
áo thun nam xanh còn available không,product
Trời lạnh thế này mặc gì cho ấm,product
bạn có biết cách làm đồ uống sinh tố không,else
Hello shop có gần khu vui chơi không,store_info
áo sơ mi nam Zara trắng dài tay còn size XL không,product
how to làm đồ uống sinh tố trái cây,else
Cửa hàng có bán hàng vào thứ bảy không,store_info
áo khoác Adidas nam đen còn hàng không,product
Sản phẩm áo polo Ralph Lauren nam xám còn hàng không shop,product
Chính sách đổi trả có áp dụng cho hàng lỗi nhỏ không,terms
Áo polo Ralph Lauren white còn size L không,product
bạn có thích chơi cờ vua không,else
ship hàng có tracking hok,terms
mua 1 triệu có free ship hok,terms
shop có bán áo sơ mi nữ hồng size xl không,product
tôi có thể đổi hàng qua fanpage không shop,terms
Mình nên listen gì để ngủ ngon hôm nay,else
cửa hàng mở ngày lễ hok,store_info
bạn thích chơi game pc hay console,else
bạn có biết cách làm đồ chơi không,else
shop có refund qua momo nếu không đúng không,terms
tôi muốn mua áo thun nam vàng size xl,product
Địa chỉ của cửa hàng có gần trung tâm không,store_info
bạn thích xem phim hoạt hình hay phim hành động,else
Quần suông H&M xanh còn size M không,product
mua hàng có được bảo hành lâu hok,terms
shop có bán áo thun nam trắng logo xanh không,product
áo khoác nam denim xanh đậm còn size m hok,product
Tôi muốn mua quần tây Hugo Boss xám size L,product
mình nên học gì để giỏi tiếng nhật,else
bạn thích ăn đồ ngọt hay đồ mặn,else
Hôm nay có sự kiện gì hấp dẫn không,else
xin chào shop có sell qua lazada không,store_info
Quần jogger nam Adidas xám còn size M không,product
shop có refund qua bank nếu không vừa không,terms
Ship qua J&T có track được không shop,terms
cửa hàng có ship qua shopee hok,store_info
shop có refund qua momo không,terms
bạn thích nghe music việt hay tây,else
quần âu Adidas nam xám còn hàng không bro,product
cửa hàng có ở gần đường nguyễn trãi hok,store_info
cửa hàng có gần khu vực Tây Hồ không,store_info
Quần palazzo Zara đen còn size S không,product
Cửa hàng có bán đồ phong cách thời thượng không,store_info
quần tây nam Hugo Boss how much vậy,product
hôm nay đi đâu cho thoải mái nhỉ,else
ship hàng có giao qua ghtk hok,terms
bạn có thích chơi bóng bàn không,else
bạn có biết nấu phở bò hok,else
áo thun bé trai Nike đỏ còn size S không,product
áo thun nữ cổ tròn cotton đen còn hok,product
Bạn có biết cách chụp ảnh đẹp không,else
Shop có bán quần jogger Adidas nam đen không,product
Mình nên buy gì cho girlfriend,else
Váy bé gái hoa nhí có size M không,product
Cửa hàng có bán qua ứng dụng nào không,store_info
bạn có biết cách làm đồ uống detox không,else
bạn thích xem phim kinh dị hok,else
bạn nghĩ mình nên buy gì cho bạn gái,else
Áo thun Nike nam xanh còn size S không,product
Quần jean Levi’s bé xanh còn size M không,product
quần jogger Gap bé hồng còn available không bro,product
bạn biết cách làm đồ handmade không,else
áo thun bé gái hồng còn hàng không,product
Giao hàng có hỗ trợ giao qua Shopee Express không,terms
Cửa hàng có hỗ trợ giao hàng qua Viettel Post không,store_info
bạn biết cách làm trà sữa tại nhà không,else
bạn thích màu hồng hay xanh,else
quần suông nữ Uniqlo xanh nhạt còn size M không,product
Shop có bán áo sơ mi H&M nữ hồng size XL không,product
how to chụp ảnh đẹp bằng điện thoại,else
đổi hàng lâu hok,terms
cửa hàng có bán áo đôi hok,store_info
Mình nên eat gì để healthy hôm nay,else
Sản phẩm áo thun Nike nữ đen còn hàng không shop,product
you like chơi cờ vua hay cờ tướng,else
Áo thun nam Puma trắng còn size XL không,product
tôi muốn mua quần tây xám size s,product
cửa hàng có gần khu vực Thanh Xuân không,store_info
cửa hàng có bán đồ phong cách nhật hok,store_info
bạn thích chơi cờ caro hay cờ vua,else
mình nên học gì để kiếm tiền thêm nhỉ,else
hàng lỗi có được hoàn tiền toàn bộ hok,terms
Sản phẩm áo sơ mi Zara nam trắng còn stock không shop,product
mua hàng có được tặng voucher hok,terms
hi shop có bán đồ phong cách Hàn không,store_info
Hello shop có gần trạm tàu điện không,store_info
Hôm nay mình nên ăn gì để khỏe,else
you like ăn sushi hay pizza,else
mình nên ăn trưa ở đâu ngon,else
quần suông H&M trắng còn hàng không bro,product
Áo sơ mi bé trai H&M xanh navy còn size L không,product
Cửa hàng có bán đồ phong cách hiện đại không,store_info
Chào shop có gần trung tâm hội nghị không,store_info
hôm nay đi đâu cho rẻ mà thoải mái,else
áo khoác nữ jeans xanh nhạt còn size m hok,product
có ai đây không,store_info
bạn recommend món ăn nhẹ nào ngon,else
áo khoác jeans nữ size s còn hok,product
áo sơ mi bé trai trắng đen có pikachu hok,product
Cửa hàng có bán đồ phong cách năng động không,store_info
cửa hàng có gần bảo tàng hok,store_info
Cửa hàng có bán đồ phong cách học sinh không,store_info
Chào shop có gần siêu thị Vincom không,store_info
áo thun GAP nam trắng còn hàng không,product
cửa hàng có bán đồ giá rẻ cho học sinh hok,store_info
Quần jogger nam Adidas xám còn size L không,product
Mình nên học gì để phát triển bản thân,else
bạn biết cách làm bánh cupcake không,else
shop có bán quần palazzo đen size s không,product
Cửa hàng có bán đồ phong cách Hàn Quốc không,store_info
Váy hoa bé gái Carter’s cute quá còn size S không,product
xin chào shop có sell đồ mùa đông không,store_info
Hôm nay mình nên làm gì để khỏe hơn,else
Áo thun nam Uniqlo trắng còn size XL không,product
bạn biết cách làm đồ uống detox không,else
you nghĩ hôm nay trời lạnh không,else
quần jogger Adidas nam xám còn size S không,product
Áo thun H&M bé gái hồng còn size L không,product
facebook cửa hàng tên gì,store_info
Giao hàng có hỗ trợ giao qua ứng dụng VinID không,terms
Ship free từ how much tiền vậy shop,terms
mình nên làm gì vào buổi tối,else
Tôi muốn mua áo thun Puma nam xám size L,product
áo thun bé gái H&M hồng còn size M không,product
Tôi muốn mua áo thun Uniqlo nữ trắng size S,product
bạn like chơi game gì nhất,else
chào shop có sell online không,store_info
Shop có bán áo thun Puma nữ đen size L không,product
áo thun nam nike vàng có sẵn hok,product
Tôi muốn mua váy bé gái Carter’s hồng size M,product
áo thun Carter’s bé gái hồng còn size XL không,product
Tôi muốn mua áo khoác Zara nữ đen size S,product
áo thun nữ xám còn hàng không bro,product
Ship qua Giao Hàng Nhanh có fast không shop,terms
Hello shop có gần trạm xe buýt không,store_info
shop có bán áo thun bé trai đỏ size l không,product
Hàng lỗi đổi trong bao lâu thì xong,terms
Quần suông Uniqlo xanh nhạt còn size L không,product
sản phẩm áo sơ mi nam trắng còn stock không shop,product
Số điện thoại liên hệ của cửa hàng là gì,store_info
Hôm nay mình nên go đâu cho fun,else
shop có chấp nhận đổi qua email không shop,terms
Áo polo nam Ralph Lauren trắng còn size XL không,product
quần tây nam Adidas đen còn size XL không,product
xin chào shop có sell đồ phong cách teen không,store_info
mua online đổi hàng sao nổi,terms
Giao hàng có hỗ trợ giao qua GrabExpress không,terms
mình nên nghe podcast nào,else
Hello shop có gần công viên nhỏ không,store_info
Cửa hàng có trang web không,store_info
xin chào shop có hỗ trợ qua J&T không,store_info
bạn có thích chụp ảnh hok,else
Hôm nay mình nên wear gì cho cool,else
xin chào shop có hỗ trợ qua J&T không,store_info
tôi có thể refund qua bank nếu không vừa không,terms
Cửa hàng có bán đồ phong cách năng động không,store_info
Cửa hàng có gần khu vực Ba Đình không,store_info
bạn thích xem phim tình cảm hay hài,else
mình nên xem youtube kênh nào,else
áo sơ mi nữ xanh nhạt ngắn tay còn hok,product
áo thun nữ Uniqlo xám còn size L không,product
tôi muốn mua áo khoác jeans nữ xanh size m,product
hi shop có bán đồ phong cách Hàn không,store_info
bạn có biết cách chăm sóc cây không,else
áo thun bé trai trắng có chữ USA hok,product
mình nên ăn gì để khỏe mạnh,else
Áo sơ mi nữ Zara xanh nhạt còn size XL không,product
bạn thích ăn món Việt hay món Tây,else
Áo thun Uniqlo nam trắng còn size XL không,product
Hôm nay mình nên nghe podcast nào,else
cửa hàng có gần khu vui chơi hok,store_info
quần jean bé Levi's xanh có co giãn không,product
tôi muốn mua quần palazzo đen size m,product
Hôm nay mình nên go đâu cho comfy,else
tôi muốn mua áo thun nam xám size l,product
cửa hàng có gần nhà thờ không,store_info
bạn có thích ăn đồ hấp không,else
Áo khoác jeans Zara light blue còn size S không,product
hi shop có bán đồ phong cách thể thao không,store_info
cửa hàng có gần khu vực Hoài Đức không,store_info
Tôi muốn mua quần jean Levi’s bé xanh size S,product
cửa hàng có gần ga tàu hok,store_info
áo thun nữ trắng còn available không,product
tôi có thể get discount nếu mua 3 cái không,terms
mua online có được đổi tại cửa hàng hok,terms
Đổi hàng có cần giữ hộp nguyên vẹn không,terms
Hàng lỗi có được đổi qua số hotline không,terms
bạn biết cách làm đồ uống hok,else
đổi hàng có cần chụp hóa đơn hok,terms
Áo thun nam GAP có màu xanh lá không,product
how to học tiếng hàn cơ bản vậy,else
bạn có thích ăn đồ chiên rán không,else
bạn thích trà sữa hay cà phê,else
you nghĩ mình nên buy quà gì cho mẹ,else
Quần jean Levi’s bé xanh còn size XL không,product
mình nên làm gì để đỡ stress nhỉ,else
Sản phẩm quần palazzo H&M đen còn hàng không shop,product
cửa hàng có bán qua facebook không,store_info
Mình nên watch phim gì cho chill,else
đổi hàng có cần gọi trước hok,terms
Hello shop có gần khu dân cư không,store_info
Mình nên nghe nhạc gì để tập trung,else
áo thun Uniqlo nam xanh còn hàng không,product
áo thun Nike nam trắng còn size L không,product
bạn thích ăn sushi hay sashimi,else
giao hàng có cần đặt trước hok,terms
Chào shop có gần công viên không,store_info
how to làm đồ handmade đơn giản,else
Áo khoác Uniqlo phao hồng có hood không,product
áo khoác nam Adidas vàng còn size M không,product
Cửa hàng có gần trung tâm văn hóa không,store_info
hi shop có bán đồ bé trai không,store_info
áo khoác nam slim fit vàng còn size l hok,product
Sản phẩm áo polo Ralph Lauren nam xanh còn hàng không shop,product
Váy hoa công chúa bé gái có màu xanh không,product
bạn có biết cách làm bánh ngọt không,else
bạn biết cách làm bánh hok,else
quần palazzo nữ xanh đậm còn size xl hok,product
shop có chấp nhận đổi qua instagram không,terms
Sản phẩm áo sơ mi H&M bé trai xanh còn available không shop,product
Mình nên xem video gì để giải trí,else
cửa hàng có bán đồ đôi hok,store_info
cửa hàng có gần khu vui chơi không,store_info
cửa hàng gần bờ hồ hok,store_info
bạn biết cách chăm sóc da hok,else
quần suông Uniqlo xanh đậm còn stock không bro,product
xin chào shop có hỗ trợ qua Gojek không,store_info
Quần jogger Gap bé hồng còn size XL không,product
Áo thun nam Adidas xanh đậm còn size XL không,product
bạn có tin ma quỷ hok,else
you like ăn đồ cay hay không cay,else
Chính sách đổi trả có áp dụng cho hàng đặt không,terms
áo thun nữ đen puma còn size l hok,product
Đổi hàng có cần mang hóa đơn không vậy,terms
tôi muốn mua áo thun nam hồng size s,product
quần tây Hugo Boss xanh còn hàng không bro,product
hàng lỗi có được đổi tại cửa hàng hok,terms
Hôm nay mình nên eat gì cho cheap,else
quần palazzo H&M xanh đậm còn size XL không,product
Váy hoa công chúa bé gái có màu trắng không,product
quần jogger nam Adidas xám có túi không,product
ship hàng ngoại tỉnh bao lâu,terms
bạn biết cách làm đồ uống mát không,else
Áo sơ mi bé trai H&M xanh còn size XL không,product
Chính sách đổi trả có áp dụng cho đồ khuyến mãi không,terms
Mình nên listen music gì để ngủ ngon,else
hi shop có bán đồ phong cách tối giản không,store_info
bạn có thích ăn pizza không,else
Hôm nay trời đẹp không,else
quần jean Levi’s bé trắng còn available không,product
Đổi hàng có cần mang theo túi đựng không,terms
Giao hàng mất bao lâu,terms
làm sao để lấy free ship nếu mua combo shop,terms
Hàng lỗi có được đổi qua fanpage không,terms
áo bé gái hồng sọc nhăn giá bao nhiêu,product
tôi có thể tích điểm khi mua hàng không,terms
Áo thun nam GAP trắng xanh còn size XL không,product
cửa hàng có ở quận khác hok,store_info
Áo sơ mi nam Zara xanh navy ngắn tay còn size L không,product
xin chào shop có gần khu Mỗ Lao không,store_info
xin chào shop có sell qua Tiki không,store_info
Chào shop có gần trạm xe buýt không,store_info
How to đổi hàng nếu không vừa shop,terms
Áo thun bé gái H&M hồng pastel còn size S không,product
Tôi muốn mua áo khoác Uniqlo phao đỏ size L,product
shop có free ship cho order trên 1 triệu không,terms
áo thun bé gái hồng pastel còn size s hok,product
bạn biết cách làm đồ uống detox không,else
quần palazzo H&M xanh còn size L không,product
cửa hàng có bán đồ phong cách hàn quốc hok,store_info
Chính sách đổi trả có áp dụng cho hàng mua sỉ không,terms
Shop có bán áo thun Nike nữ hồng size M không,product
áo sơ mi nam xanh navy dài tay còn hok,product
áo sơ mi nam Zara xanh navy còn size M không,product
bạn có thích ăn đồ nướng ngoài trời không,else
Áo thun nam Uniqlo trắng basic còn size M không,product
shop có chấp nhận đổi qua email không shop,terms
áo thun Uniqlo bé gái hồng còn size L không,product
hôm nay có gì vui để làm hok,else
bạn biết cách làm đồ handmade không,else
Mình nên watch phim gì cho relax,else
áo thun bé trai H&M navy còn stock không,product
bạn có thích ăn đồ nướng không,else
Cửa hàng có bán hàng qua mạng xã hội không,store_info
Quần jogger nam có màu đen không,product
váy bé gái hoa nhí màu trắng có hok,product
cửa hàng có bán đồ phong cách thể thao không,store_info
Mua hàng có được giảm giá lần sau không,terms
Áo trễ vai hoa nữ còn size M không bro,product
Giao hàng có mất phí bao nhiêu,terms
Hôm nay mình nên go đâu cho fun,else
Hello shop có gần bệnh viện không,store_info
tôi có thể get discount khi pay qua thẻ không,terms
Cửa hàng có bán đồ phong cách Hàn Quốc không,store_info
hôm nay mình nên nghe music gì ngủ ngon,else
Hôm nay mình nên do gì để happy,else
shop có đổi hàng qua Viettel Post không,terms
cửa hàng có bán đồ phong cách âu hok,store_info
tôi muốn mua quần suông xanh nhạt size xl,product
bạn có know cách làm trà chanh không,else
áo thun Puma nữ đen logo cam price bao nhiêu,product
Quần jogger bé Gap pink còn size S không,product
tôi có thể qua thẻ if nhận hàng không,terms
you nghĩ mình nên eat gì cho cheap,else
Hôm nay mình nên do gì để relax,else
Hôm nay mình nên đi đâu cho thoải mái,else
áo sơ mi nam trắng dài tay còn size xl hok,product
Chính sách thanh toán có gì đặc biệt,terms
Bạn có thích nghe nhạc không,else
áo sơ mi H&M bé trai trắng còn available không bro,product
bạn có thích xem phim Hàn Quốc không,else
Mình nên đi ngủ lúc mấy giờ tối nay,else
Tôi có nên mua điện thoại mới không,else
Quần palazzo nữ H&M xanh có size M không,product
cửa hàng có ship qua vietel post hok,store_info
áo thun Puma nam đen giá có đắt không,product
cửa hàng có gần khu vực Thanh Trì không,store_info
Bạn có biết cách nấu ăn không,else
Giao hàng có hỗ trợ giao qua J&T không,terms
Hôm nay mình nên eat gì cho cheap,else
áo thun bé gái cổ tròn trắng còn hok,product
Tối nay tôi nên ăn gì,else
Shop có bán áo khoác Zara nam xanh size XL không,product
số phone cửa hàng là số nào,store_info
mua online có được xem hàng trước hok,terms
tôi có thể get discount nếu mua nhiều không,terms
cửa hàng có bán đồ thể thao hok,store_info
mua online có bảo hành hok,terms
xin chào shop có sell đồ mùa hè không,store_info
how to học tiếng anh nhanh vậy,else
mình nên xem phim gì để chill tối nay,else
bạn có biết cách làm đồ handmade không,else
xin chào shop có sell đồ vintage không,store_info
xin chào shop có hỗ trợ qua shopee không,store_info
Hôm nay mình nên eat gì cho ngon nhỉ,else
you like ăn phở hay bún chả hơn,else
áo thun nữ hồng còn hàng không,product
Hàng lỗi có được gửi lại qua bưu điện không,terms
quần jean bé xanh có co giãn hok,product
Cửa hàng có bán đồ phong cách hiện đại không,store_info
Shop có bán áo thun Puma nam đen size S không,product
bạn biết cách làm bánh ngọt không,else
Sản phẩm áo sơ mi H&M nữ trắng còn hàng không shop,product
Đổi hàng có cần mang theo hộp gốc không,terms
Sản phẩm váy bé gái Uniqlo hồng còn hàng không shop,product
áo thun GAP nam trắng xanh price bao nhiêu,product
Hello shop có gần trạm xe buýt không,store_info
Áo thun bé trai có chữ GOAL không,product
Hello shop có gần khu công nghiệp không,store_info
Áo khoác nữ Nike có size XL không,product
áo sơ mi bé trai H&M xanh navy còn size L không,product
mình nên làm gì để thư giãn nhỉ,else
sản phẩm quần jogger nam trắng còn available không shop,product
quần jogger nam xám có túi hộp hok,product
tôi có thể refund qua momo nếu không vừa không,terms
bạn có thích chạy bộ hok,else
shop có refund qua thẻ if hàng lỗi không,terms
Áo polo Ralph Lauren nam trắng còn size M không,product
Đổi hàng có cần gọi trước không vậy,terms
Áo thun Puma nam trắng còn size XL không,product
shop có free ship cho đơn trên 800k không shop,terms
cửa hàng có web bán hàng hok,store_info
Cửa hàng có bản đồ dẫn đường không,store_info
hàng lỗi đổi kiểu khác được hok,terms
quần jogger bé hồng nhạt còn size xl hok,product
Áo polo nam Lacoste có size XXL không,product
Mình nên xem chương trình gì trên TV,else
Áo khoác phao nữ có màu đen không,product
Shop có bán áo thun Nike bé trai trắng size XL không,product
Shop có bán áo khoác Zara nữ trắng size M không,product
hôm nay trời lạnh hok bạn,else
hỗ trợ khách hàng kiểu gì,terms
Giao hàng có hỗ trợ giao qua Tiktok Shop không,terms
cửa hàng có hỗ trợ giao hàng qua tiki không,store_info
quần palazzo nữ màu đen có sẵn hok,product
Áo khoác nam Adidas có màu vàng không,product
sản phẩm quần jogger bé xanh còn stock không shop,product
hôm nay có event gì fun không,else
bạn thích ăn đồ nướng hay đồ hấp,else
bạn có biết cách làm đồ uống mát không,else
tôi có thể by card khi nhận hàng không,terms
mua trên web có đổi trả hok,terms
quần suông nữ xanh nhạt có dây buộc hok,product
quần jogger nam Adidas có màu xanh không,product
tôi có thể get refund nếu hàng không đúng size,terms
Quần suông nữ Uniqlo xanh còn size XL không,product
Sản phẩm quần tây Hugo Boss đen còn stock không shop,product
chính sách đổi hàng sao zậy,terms
Mình nên nghe nhạc gì để ngủ ngon,else
bạn thích phim hành động hay tình cảm,else
áo thun Puma nam trắng còn size XL không,product
cửa hàng mở lúc mấy giờ,store_info
alo ạ,store_info
Cửa hàng có khuyến mãi gì không,store_info
how to chăm sóc móng tay tại nhà,else
hi shop có bán đồ phong cách Nhật không,store_info
Mình nên wear gì để trendy hôm nay,else
Áo thun Uniqlo nam trắng còn size S không,product
quần palazzo nữ Zara đen trắng có size S không,product
sản phẩm áo thun nam xanh còn stock không shop,product
sản phẩm quần tây đen còn stock không shop,product
shop có bán áo thun nam xanh size xl không,product
Quần jogger bé Gap hồng nhạt còn size L không,product
bạn recommend phim nào hay không,else
áo sơ mi nữ xanh nhạt cotton còn hok,product
mình nên xem phim hài hay phim tình cảm,else
mình nên làm gì để đỡ mệt hôm nay,else
mình nên mua quà gì cho bạn,else
Shop có bán quần palazzo H&M xanh size M không,product
đổi size khác có tốn tiền hok,terms
sản phẩm áo thun nam xám còn stock không shop,product
Mình nên làm gì để giảm stress,else
ship hàng nội thành có rẻ hok,terms
Tôi muốn mua quần tây Hugo Boss xám size S,product
bạn biết cách làm bánh mì nướng không,else
Cửa hàng có giao hàng vào cuối tuần không,store_info
Hàng bị lỗi có được đổi mới không,terms
Tôi muốn mua quần jean Levi’s bé đen size M,product
quần jean bé đen còn available không bro,product
cửa hàng mở cửa vào thứ hai mấy giờ,store_info
cửa hàng có hỗ trợ gọi đặt hàng không,store_info
sản phẩm áo polo nam đen còn hàng không shop,product
Sản phẩm áo thun H&M nam đỏ còn hàng không shop,product
Áo trễ vai hoa nữ giá bao nhiêu,product
Tôi muốn mua quần palazzo Zara đen trắng size S,product
bạn like chơi bóng đá hay bóng rổ,else
Chào shop có gần nhà thờ không,store_info
bạn have idea mình nên buy gì cho mẹ,else
Cửa hàng có bán hàng vào buổi tối không,store_info
Áo thun Nike bé trai đỏ còn size XL không,product
Cửa hàng có bán đồ phong cách sang trọng không,store_info
Sản phẩm áo khoác Levi’s nam xanh còn hàng không shop,product
Áo thun Uniqlo trắng nam còn size S không,product
Áo khoác nữ Uniqlo phao hồng còn size L không,product
Mình nên eat gì để ngon miệng hôm nay,else
áo thun H&M bé trai đỏ còn hàng không bro,product
sản phẩm áo thun bé trai đỏ còn hàng không shop,product
Tôi muốn mua quần jean Levi’s bé trắng size S,product
áo khoác nữ phao hồng có lớp lót hok,product
mình nên ngủ mấy giờ để đủ sức,else
mình nên xem phim gì trên netflix,else
shop có bán quần palazzo trắng size m không,product
áo thun puma đen còn size m hok,product
cửa hàng có gần khu vực Thạch Thất không,store_info
bạn like chơi game online hay offline,else
Áo khoác nam Levi's denim xanh còn size S không,product
xin chào shop có sell đồ phong cách Hàn không,store_info
Cửa hàng có ở Hà Nội thôi không,store_info
you like nghe music rock hay pop,else
cửa hàng có gần trường tiểu học không,store_info
làm sao để lấy refund nếu không đúng màu shop,terms
Áo khoác Levi’s denim nam xanh còn size M không,product
bạn biết cách làm slime hok,else
đổi hàng cũ lấy mới được hok,terms
hi shop có bán đồ phong cách Hàn không,store_info
mua online có được hỗ trợ ship hok,terms
Shop có bán áo khoác Uniqlo phao xanh size L không,product
Áo khoác Adidas nam vàng còn size S không,product
mình nên xem phim gì để relax,else
Sản phẩm áo polo Ralph Lauren nam hồng còn hàng không shop,product
áo sơ mi H&M bé trai navy còn size XL không,product
Mình nên eat gì để ngon miệng hôm nay,else
tôi muốn mua áo khoác nữ xanh size xl,product
bạn có biết cách pha cà phê ngon không,else
Sản phẩm có được hoàn tiền không,terms
Bạn có biết cách làm bánh mì không,else
cửa hàng có chỗ để xe máy không,store_info
bạn thích mùa hè hay mùa đông,else
Quần jean bé Levi's xanh có co giãn không,product
hàng lỗi có được đổi qua fanpage hok,terms
áo sơ mi nam trắng size s còn hàng không bro,product
cửa hàng có gần nhà trẻ không,store_info
cửa hàng có gần khu đô thị không,store_info
tôi muốn mua áo thun nữ trắng size s,product
Chào shop có gần nhà văn hóa không,store_info
Cửa hàng có gần khu vực Hoàn Kiếm không,store_info
hi shop có bán đồ phong cách Nhật không,store_info
shop có bán áo khoác nam đen size m không,product
hi shop có bán đồ phong cách tối giản không,store_info
áo khoác nam Levi's denim xanh đậm còn size L không,product
bạn thích chơi game gì nhất,else
Chính sách đổi trả áp dụng cho đồ khuyến mãi không,terms
Áo khoác jeans nữ có màu xanh đậm không,product
cửa hàng có gần nhà hàng không,store_info
Hàng lỗi có đổi ngay tại chỗ được không,terms
Đổi hàng có cần mang theo hóa đơn gốc không,terms
Mình nên eat gì để fit hơn hôm nay,else
Ship qua Gojek có charge thêm phí không,terms
Hôm nay mình nên làm gì để đỡ chán,else
Tôi muốn mua áo khoác jeans Zara nữ xanh size M,product
bạn thích nghe music live hay thu âm,else
how to học tiếng trung cơ bản vậy,else
Hôm nay mình nên wear gì cho comfy,else
Warranty cho sản phẩm bao lâu vậy shop,terms
áo thun bé trai trắng goal còn size l hok,product
Chính sách đổi trả có áp dụng cho hàng mua online không,terms
Sản phẩm áo khoác Adidas nữ đen còn hàng không shop,product
giao hàng có giao qua ahamove hok,terms
Đổi hàng có cần mang theo giấy bảo hành không,terms
Đổi hàng có cần chụp ảnh sản phẩm không,terms
Mua hàng có được kiểm tra trước khi nhận không,terms
you like ăn đồ nướng hay đồ luộc,else
tôi có thể đổi hàng mà không cần lý do không,terms
Áo trễ vai hoa nữ còn stock không bro,product
quần suông xanh còn available không bro,product
bạn recommend món ăn sáng nào ngon,else
bạn thích chơi game online hay offline,else
áo polo nam hồng còn available không bro,product
Tôi muốn mua quần palazzo H&M trắng size M,product
Hello shop có gần nhà văn hóa không,store_info
hi shop có bán đồ phong cách tối giản không,store_info
tôi muốn mua quần jean bé đen size m,product
bạn like chơi bóng đá hay bóng rổ,else
sản phẩm áo khoác nữ hồng còn available không shop,product
Chào shop có gần trạm xe buýt không,store_info
shop có bán áo khoác zara nữ trắng size m không,product
sản phẩm quần jean levi’s bé xanh còn available không shop,product
Chào shop có gần thư viện không,store_info
Mình nên học gì để giỏi tiếng Anh,else
Cuối tuần tôi nên làm gì,else
Chào shop có gần khu dân cư không,store_info
áo khoác nữ Adidas hồng pastel còn size M không,product
shop có chấp nhận đổi qua fanpage không shop,terms
Giao hàng có hỗ trợ giao qua ứng dụng Sendo không,terms
Tôi muốn mua quần jean Levi’s bé xanh size L,product
Hoàn tiền mất bao lâu,terms
giao hàng xa có mất phí hok,terms
Chào shop có gần trường tiểu học không,store_info
Mình nên làm gì để đỡ mệt mỏi,else
sản phẩm áo thun nam đen còn available không shop,product
Đổi hàng có cần mang theo phiếu bảo hành không,terms
Chào shop có gần siêu thị Vincom không,store_info
Mình nên watch phim gì để funny hôm nay,else
Áo khoác Uniqlo nữ phao hồng còn size S không,product
cửa hàng có gần khu vực Cầu Giấy không,store_info
bạn có thích chạy bộ không,else
mình nên đi xem phim với ai,else
cửa hàng có bán đồ phong cách hiphop hok,store_info
hi shop ở Hà Nội có branch nào không,store_info
Chào shop có gần ngân hàng không,store_info
quần jogger bé Gap hồng còn size M không,product
cửa hàng có gần trung tâm thương mại không,store_info
bạn có biết cách làm trà chanh mật ong không,else
Hàng lỗi đổi tại cửa hàng có nhanh không,terms
Shop có bán quần palazzo Zara trắng size L không,product
Sản phẩm váy bé gái Uniqlo trắng còn hàng không shop,product
Tôi muốn mua áo thun Nike nam vàng size XL,product
Cửa hàng có bán đồ phong cách mùa thu không,store_info
áo khoác nam adidas đen có sẵn hok,product
bạn có like chơi game mobile không,else
Instagram của cửa hàng là gì,store_info
mình nên mua quà gì cho mẹ,else
Cửa hàng có bán hàng vào ngày lễ không,store_info
cửa hàng ở hà đông có đông hok,store_info
bạn biết cách làm đồ uống nóng không,else
Mua hàng có được tích điểm qua app không,terms
Mình nên wear gì để cool hôm nay,else
shop có bán váy bé gái trắng size xl không,product
how to chăm sóc tóc tại nhà vậy,else
you nghĩ mình nên learn nấu ăn không,else
Refund qua momo có fast không shop,terms
xin chào shop có sell qua tiki không,store_info
Quần palazzo H&M xanh còn size XL không,product
quần suông H&M xanh đậm còn size M không,product
Áo thun nữ Puma đen logo hồng giá bao nhiêu,product
Hàng lỗi có được đổi sang sản phẩm khác không,terms
shop có chấp nhận đổi qua zalo không shop,terms
tôi muốn mua áo khoác phao trắng size s,product
cửa hàng có bán đồ giá sỉ hok,store_info
shop có bán váy bé gái hồng size s không,product
Chào shop có gần ngân hàng Vietcombank không,store_info
Áo sơ mi nữ xanh pastel có size S không,product
Mình nên watch gì để chill tối nay,else
áo sơ mi H&M bé trai navy còn size M không,product
Áo thun nữ Puma đen logo hồng còn size L không,product
bạn có biết cách làm đồ ăn vặt không,else
Tôi muốn mua áo sơ mi Zara nữ hồng size S,product
chính sách ship hàng có gì hay,terms
sản phẩm áo polo nam xám còn stock không shop,product
bạn like chơi bóng bàn hay cầu lông,else
you nghĩ mình nên buy gì cho bạn,else
Sản phẩm áo khoác Uniqlo phao hồng còn stock không shop,product
Cửa hàng có bán đồ phong cách sang trọng không,store_info
Giao hàng có hỗ trợ giao buổi tối không,terms
bạn thích chơi bóng rổ hay bóng bàn,else
Hôm nay mình nên wear gì cho trendy,else
xin chào shop có sell qua shopee không,store_info
Giao hàng có hỗ trợ giao qua Zalo không,terms
quần âu nam Adidas đen còn size L không,product
Mình nên mua gì để tặng người yêu,else
cửa hàng có gần bệnh viện hok,store_info
cửa hàng có wifi miễn phí không,store_info
hôm nay mình nên nghe gì để relax tối nay,else
quần tây xanh còn stock không bro,product
Chào shop có gần nhà văn hóa Mỗ Lao không,store_info
bạn có thích ăn đồ chiên không,else
Sản phẩm váy hoa bé gái Uniqlo size L còn hàng không shop,product
tôi muốn mua áo khoác nữ đen size s,product
áo khoác nữ H&M đỏ đô còn size L không,product
Hôm nay mình nên go đâu cho comfy,else
Hôm nay mình nên go đâu cho chill,else
váy hoa bé gái có size l hok,product
Tôi muốn mua áo khoác Uniqlo phao xanh size S,product
cửa hàng có gần khu vực Long Biên không,store_info
How to đổi hàng nếu lỗi nhỏ shop,terms
Quần suông Uniqlo xanh nhạt có dây không,product
Ship qua Shopee Express có fast không shop,terms
hi shop có bán đồ phong cách Hàn không,store_info
Áo khoác nữ Zara hồng pastel còn size XL không,product
Giao hàng có hỗ trợ giao qua ứng dụng khác không,terms
xin chào shop có gần bệnh viện không,store_info
quần jogger Adidas nam xám còn size XL không,product
xin chào shop có hỗ trợ qua Viettel Post không,store_info
Shop có bán áo khoác Adidas nam đen size M không,product
cửa hàng có gần trạm tàu điện không,store_info
tôi muốn mua quần palazzo trắng size m,product
you like ăn bánh mì hay bánh bao,else
quần jogger Adidas nam hồng còn hàng không bro,product
Áo khoác nữ Uniqlo phao hồng có mũ không,product
tôi có thể get refund nếu hàng lỗi nhỏ không shop,terms
quần palazzo nữ Zara đen trắng còn không,product
Hôm nay mặc áo màu gì hợp phong thủy,else
Váy bé gái Carter's hồng có size XL không,product
áo thun nữ cổ tròn đen giá bao nhiêu,product
Bạn có thích màu xanh lá không,else
tôi muốn mua quần tây xám size l,product
Cửa hàng có địa chỉ chính xác ở đâu,store_info
mình nên đi ngủ sớm hay thức khuya,else
quần suông nữ xanh đậm có size s hok,product
quần suông H&M xanh đậm còn size L không,product
mình nên học gì để kiếm job tốt,else
Shop có bán áo polo Ralph Lauren nam trắng không,product
Shop có bán áo khoác Levi’s denim nam size M không,product
áo thun Nike nam xanh còn size XL không,product
Chính sách đổi trả có áp dụng cho hàng tồn không,terms
Chính sách vận chuyển có gì mới,terms
Hello shop có hỗ trợ qua zalo không,store_info
Cửa hàng có bán đồ phong cách streetwear không,store_info
Shop có bán áo khoác Uniqlo phao đen size L không,product
áo khoác denim nam xanh đậm có sẵn hok,product
cửa hàng có gần trung tâm thương mại hok,store_info
xin chào shop có hỗ trợ qua Gojek không,store_info
Hello shop có gần nhà thờ không,store_info
Quần palazzo nữ có size XL không,product
Sản phẩm áo polo Lacoste nam trắng còn hàng không shop,product
Quần jogger nam Adidas xám có dây rút không,product
hôm nay ăn gì để rẻ mà no,else
áo thun GAP nam đen còn hàng không bro,product
bạn biết how to cook phở không,else
quần tây hồng còn stock không bro,product
Áo khoác jeans nữ Zara xanh nhạt còn size XL không,product
bạn có thích nuôi chó mèo hok,else
Mua hàng có được giảm giá khi mua combo không,terms
cửa hàng có hỗ trợ đặt hàng qua mạng không,store_info
you nghĩ mình nên watch phim gì,else
Đổi hàng có cần mang theo giấy bảo hành không,terms
Cửa hàng ở Hà Nội có mấy chi nhánh,store_info
bạn thích chơi game pc hay mobile,else
shop có bán quần tây trắng size l không,product
Cửa hàng ở Mỗ Lao có đông khách không,store_info
sản phẩm áo polo nam đen còn hàng không shop,product
How to đổi hàng nếu không đúng màu shop,terms
áo sơ mi bé trai trắng có họa tiết hok,product
áo thun Uniqlo nữ xám cổ tim còn size XL không,product
xin chào shop có hỗ trợ qua J&T không,store_info
hi shop có bán đồ phong cách công sở không,store_info
bạn có thích chơi cờ caro không,else
Tôi muốn mua váy bé gái Uniqlo trắng size S,product
cửa hàng có gần khu vực Đông Anh không,store_info
địa chỉ cửa hàng gần phố cổ hok,store_info
ship hàng có giao qua viettel hok,terms
hôm nay ăn gì để no mà rẻ,else
bạn thích ăn đồ cay hay không cay,else
Cửa hàng có bán đồ phong cách unisex không,store_info
bạn có biết cách làm sinh tố dâu không,else
Đổi trả hàng có giới hạn thời gian không,terms
Cửa hàng có bán đồ phong cách vintage không,store_info
Tôi muốn mua áo khoác Uniqlo phao hồng size S,product
how to học tiếng pháp cơ bản vậy,else
bạn thích nghe nhạc Việt hay nhạc Hàn,else
áo sơ mi bé trai H&M xanh navy giá bao nhiêu,product
Hello shop có gần trung tâm thương mại không,store_info
Hôm nay mình nên go đâu cho relax,else
Tối nay tôi nên xem phim gì,else
quần suông nữ linen xanh có sẵn hok,product
áo thun nam uniqlo trắng giá bao nhiêu,product
mình nên học gì để phát triển bản thân,else
quần palazzo H&M xanh còn size S không,product
làm sao để lấy refund nếu hàng lỗi shop,terms
Hello shop có gần nhà ga không,store_info
Sản phẩm quần suông Uniqlo xanh nhạt còn available không shop,product
how to tập gym cho người mới bắt đầu,else
Áo khoác Adidas nam vàng còn size S không,product
áo sơ mi nam Zara xanh navy ngắn tay còn size XL không,product
shop có bán áo khoác phao xanh size l không,product
Hello shop có gần công viên không,store_info
hôm nay mình nên nghe music gì relax,else
Mình nên nghe gì để ngủ ngon,else
Mua hàng có được giảm giá khi trả qua momo không,terms
Áo khoác Uniqlo phao hồng còn size M không,product
hôm nay ngủ mấy giờ thì đủ,else
Mua hàng có được giảm giá khi giới thiệu bạn không,terms
tôi muốn mua quần palazzo đen trắng size s,product
hàng lỗi có được gửi lại miễn phí hok,terms
bạn có thích xem bóng đá hok,else
mình nên xem phim gì để funny tối nay,else
Ship qua Giao Hàng Nhanh bao lâu tới,terms
Đổi hàng có cần gọi điện trước không,terms
hi shop có bán đồ phong cách Hàn không,store_info
shop có ship qua Viettel Post không,terms
Cửa hàng có hỗ trợ giao hàng qua shopee không,store_info
hôm nay trời lạnh không bạn,else
bạn có biết cách làm bánh flan không,else
Quần suông Uniqlo xanh nhạt còn size XL không,product
Change hàng có cần keep bao bì không shop,terms
Sản phẩm váy bé gái Carter’s trắng còn hàng không shop,product
Change hàng có cần keep tem không shop,terms
Hôm nay mình nên mặc màu gì cho hợp,product
Cửa hàng có bán hàng online không,store_info
quần dài bé gái đen chấm bi còn size s hok,product
bạn có like nghe music pop không,else
Hello shop có gần trường học không,store_info
Shop có bán quần jogger Gap bé trắng không,product
tôi muốn mua áo thun nữ trắng size s,product
áo khoác nữ đỏ đô có khóa kéo hok,product
bạn có thích ăn đồ cay hok,else
Hôm nay mình nên làm gì cho vui,else
đổi size khác có nhanh hok,terms
Giao hàng có hỗ trợ giao qua Sendo không,terms
Change hàng có cần call hotline không shop,terms
sản phẩm áo khoác denim nữ còn stock không shop,product
Change hàng có cần bill không shop,terms
Hôm nay mình nên đi đâu cho rẻ,else
Hàng lỗi có được đổi ngay tại chỗ không,terms
hi shop có bán qua zalo không,store_info
Áo sơ mi H&M bé trai navy còn size XL không,product
Chào shop có gần ngân hàng không,store_info
áo sơ mi nữ pastel green còn hàng không,product
xin chào shop có wifi cho khách không,store_info
cửa hàng có gần khu vực Ba Vì không,store_info
hôm nay ăn gì cho đủ sức nhỉ,else
Chào shop có giao hàng qua grab không,store_info
Quần jean Levi’s bé xanh còn size L không,product
ship hàng nội thành bao lâu,terms
Refund qua bank mất bao lâu vậy shop,terms
shop có bán váy bé gái xanh size l không,product
mình nên làm gì để đỡ mệt nhỉ,else
Mình nên học nấu món gì đơn giản,else
Cửa hàng có bán đồ phong cách công sở không,store_info
quần jogger Gap bé hồng còn size S không,product
Mua online đổi size khác được không,terms
Hello shop có gần khu đô thị không,store_info
How to đổi hàng nếu size không fit shop,terms
how to học tiếng đức cơ bản vậy,else
Hello shop có gần nhà ga không,store_info
Đổi hàng có cần giữ nguyên tem mác không,terms
Sản phẩm áo thun GAP bé trai trắng còn available không shop,product
Mua hàng có được tặng kèm phụ kiện không,terms
bạn biết cách chăm sóc da không,else
bạn recommend chỗ du lịch nào gần hà nội,else
shop có giảm giá khi mua combo không,terms
bạn thích ăn bánh mì hay bánh bao,else
cửa hàng có hỗ trợ giao hàng qua Shopee không,store_info
Hôm nay mình nên đi chơi ở đâu gần nhà,else
áo thun H&M nữ trắng còn hàng không bro,product
Sản phẩm áo thun Uniqlo nữ hồng còn hàng không shop,product
mình nên làm gì để khỏe hơn nhỉ,else
áo thun Puma bé gái trắng còn hàng không,product
Quần jean Levi’s bé xanh price how much,product
áo khoác nam Adidas vàng còn size S không,product
áo thun nữ puma trắng giá bao nhiêu,product
you nghĩ mình nên eat gì cho healthy,else
cửa hàng có gần trường đại học không,store_info
sản phẩm áo thun gap nam xanh còn stock không shop,product
Hôm nay mình nên do gì cho happy,else
Shop có bán áo khoác Adidas nam vàng size S không,product
áo thun nữ Uniqlo xám cổ tim còn size M không,product
hôm nay mặc gì cho đẹp,else
cửa hàng có gần khu vực Chương Mỹ không,store_info
sản phẩm váy bé gái xanh còn hàng không shop,product
áo thun nam đen còn stock không bro,product
bạn biết cách làm bánh ngọt mini không,else
Giao hàng có hỗ trợ giao qua ứng dụng Be không,terms
ship hàng có giao qua lalamove hok,terms
áo sơ mi nam xanh navy ngắn tay còn hok,product
Mua hàng có được hỗ trợ giao hàng miễn phí không,terms
Giao hàng có hỗ trợ giao qua Baemin không,terms
quần jean bé Levi's xanh còn size XL không,product
Áo thun nam Adidas xanh còn size S không,product
Cửa hàng có gần bến xe không,store_info
Hôm nay mình nên go đâu cho comfy,else
sản phẩm váy bé gái uniqlo hồng còn hàng không shop,product
How long để đổi hàng nếu không fit,terms
cửa hàng có gần cầu vượt không,store_info
Mình nên làm gì để đỡ căng thẳng,else
shop có ship qua Shopee không shop,terms
Quần suông Uniqlo xanh còn size S không,product
Quần tây nam có màu nào khác không,product
bạn recommend chỗ nghỉ ngơi nào gần,else
tôi có thể check hàng trước khi pay không,terms
tôi muốn mua áo khoác phao hồng size s,product
you like nghe music gì nhất,else
bạn có thích ăn đồ nướng hok,else
sản phẩm áo sơ mi nam trắng còn hàng không shop,product
Cửa hàng có bán đồ phong cách trẻ trung không,store_info
Chính sách đổi trả áp dụng cho hàng giảm giá không,terms
quần palazzo Zara black white còn size L không,product
bạn biết cách làm đồ uống không,else
Mình nên làm gì để tập trung học,else
mình nên xem phim gì để funny,else
how to chăm sóc da mặt tại nhà,else
áo thun bé trai đỏ USA còn size xl hok,product
Mình nên watch gì để relax tối nay,else
shop có bán quần jogger nam đen không,product
đổi hàng có cần chụp ảnh hok,terms
hàng lỗi hoàn tiền sao nổi,terms
Hello shop có gần công viên Thống Nhất không,store_info
bạn có like nghe music Việt không,else
Áo khoác nam Levi's denim xanh còn size XL không,product
quần jogger Gap bé trắng còn hàng không bro,product
Sản phẩm áo polo Lacoste nam đen còn hàng không shop,product
Email liên hệ của cửa hàng là gì,store_info
tôi muốn mua áo thun nam đen size l,product
áo sơ mi nữ Zara xanh pastel giá bao nhiêu,product
bạn biết cách làm đồ uống mát lạnh không,else
bạn like nghe music Việt hay Hàn,else
làm sao để lấy free ship từ shop vậy,terms
Áo khoác Zara nữ pink còn size S không,product
Áo thun nam Nike vàng kem còn size M không,product
tôi có thể đổi hàng if it’s lỗi hả shop,terms
bạn có thích nghe nhạc cổ điển không,else
bạn thích chơi cờ caro hay cờ tướng,else
Mua hàng có được tích điểm để giảm giá không,terms
áo thun nam cổ tròn trắng có logo hok,product
Cái này có liên quan gì đến đời sống,else
Cửa hàng có bán đồ phong cách dễ thương không,store_info
Tôi muốn học tiếng Anh ở đâu tốt,else
áo thun nam Uniqlo trắng basic còn size XL không,product
bạn thích nghe rap hay pop hơn,else
Mua hàng có được giảm giá khi mua nhiều không,terms
Cửa hàng có hỗ trợ giao hàng qua Lazada không,store_info
bạn có thích ăn đồ chiên hok,else
Cửa hàng có bán đồ phong cách mùa hè không,store_info
Hôm nay mình nên đi chơi với ai,else
áo thun nữ Puma đen logo cam giá bao nhiêu,product
quần tây Hugo Boss trắng còn hàng không bro,product
mình nên xem gì để relax tối nay,else
Áo thun Puma nữ đen logo hồng còn size M không,product
tôi có thể get free ship nếu mua 2 cái không,terms
mua hàng có được tặng quà hok,terms
Chào shop có gần trạm tàu điện không,store_info
tôi có thể refund nếu hàng không đúng mô tả không,terms
Cửa hàng có gần công viên nhỏ không,store_info
hôm nay ăn gì để rẻ mà ngon,else
Hôm nay mình nên đi ngủ sớm không,else
cửa hàng có khuyến mãi gì hot hok,store_info
Tôi muốn mua váy hoa bé gái Carter’s xanh size L,product
bạn có biết cách làm đồ uống nóng không,else
Tôi muốn mua áo thun GAP nam xám size L,product
Mình nên nghe podcast nào để thư giãn,else
How long để ship hàng đến Thanh Xuân,terms
Mình nên làm gì để đỡ buồn,else
bạn biết cách làm đồ trang sức không,else
sản phẩm áo khoác phao hồng còn stock không shop,product
Hôm nay mình nên làm gì để thư giãn,else
bạn có thích uống trà sữa không,else
Tôi muốn mua quần palazzo Zara đen size M,product
Mua hàng trên 500 nghìn có gì khác biệt không,terms
mùa này đi du lịch chỗ nào ngon,else
Áo khoác Uniqlo phao hồng còn size XL không,product
tôi có thể đổi hàng qua Shopee nếu lỗi không,terms
hôm nay ăn gì để ngon mà healthy,else
Chính sách hoàn tiền có áp dụng cho hàng đặt may không,terms
Xin chào shop có gần Hà Đông không,store_info
áo thun bé trai goal goal còn size m hok,product
cửa hàng có bán đồ trẻ em hok,store_info
tôi có thể get giảm giá if mua online không,terms
hi shop ở Mỗ Lao có parking không,store_info
Đổi hàng có cần mang theo phiếu mua không,terms
áo thun nam trắng còn available không,product
Áo khoác nam Nike đen trơn còn size L không,product
áo thun nam gap trắng xanh còn hok,product
hàng lỗi có được đổi qua mail hok,terms
cửa hàng có bán đồ phong cách Nhật Bản không,store_info
tôi muốn mua áo thun nam hồng size s,product
tôi muốn mua áo khoác phao xanh size s,product
tôi muốn mua áo thun nữ đen size s,product
mình nên làm gì để đỡ buồn nhỉ,else
sản phẩm áo thun nữ đen còn stock không shop,product
bạn thích nghe nhạc pop hay rock,else
hi shop có bán đồ phong cách vintage không,store_info
bạn like ăn bánh mì hay phở,else
Cửa hàng có hỗ trợ giao hàng qua bưu điện không,store_info
mua online kiểm tra hàng trước được hok,terms
shop có ship qua Viettel Post không shop,terms
shop có ship qua Grab không shop,terms
Áo polo nam có màu vàng không,product
shop có free ship cho đơn trên 1 triệu không shop,terms
hi shop có bán đồ công sở không,store_info
mình nên làm gì để tập trung hơn,else
áo sơ mi nữ Zara xanh nhạt còn size S không,product
tôi có thể đổi hàng qua fanpage không shop,terms
áo thun nữ Uniqlo xám còn size XL không,product
sản phẩm áo thun nữ hồng còn hàng không shop,product
If hàng lỗi thì đổi ngay được không shop,terms
mình nên làm gì để vui vẻ hơn,else
Hello shop có gần cầu vượt không,store_info
Giao hàng có hỗ trợ giao qua ứng dụng Shopee không,terms
hôm nay ăn gì để fit mà ngon,else
mình nên xem phim gì trên netflix,else
Sản phẩm áo khoác Levi’s nữ denim còn hàng không shop,product
Hôm nay mình nên đi đâu cho vui,else
mình nên học nấu món gì đơn giản,else
mua hàng có hóa đơn hok,terms
Chủ nhật cửa hàng mở cửa không,store_info
mình nên học gì để kiếm tiền thêm,else
shop có bán áo thun bé gái hồng không,product
hi,store_info
bạn có biết cách làm trà sữa trân châu không,else
xin chào shop có sell đồ thể thao không,store_info
hàng lỗi đổi qua bưu điện được hok,terms
Sản phẩm có được giao tận nơi không,terms
áo thun Uniqlo bé gái đen còn hàng không,product
Hôm nay mình nên đi chơi chỗ nào gần,else
you like chơi game gì nhất,else
quần jean Levi’s bé xanh còn size XL không,product
bạn có biết cách chăm sóc tóc không,else
sản phẩm áo thun puma nam đen còn available không shop,product
bạn biết cách làm bánh ngọt không cần lò không,else
Hàng lỗi có được đổi qua số điện thoại không,terms
hi shop có gần công viên không,store_info
Hàng lỗi có được đổi qua ứng dụng không,terms
áo thun bé gái hồng còn hàng không bro,product
áo thun Nike bé trai trắng còn size L không,product
Áo thun Nike bé trai đỏ còn size M không,product
shop có chấp nhận đổi qua zalo không shop,terms
tôi có thể qua momo khi nhận hàng không shop,terms
shop có bán áo thun nữ trắng size m không,product
hi shop có gần bến xe Hà Đông không,store_info
hôm nay mình nên nghe music gì vui,else
Cửa hàng có bán đồ phong cách công sở không,store_info
Shop có bán quần jean Levi’s bé xanh size M không,product
áo khoác phao nữ hồng nhạt còn size m hok,product
Sản phẩm áo sơ mi H&M bé trai đen còn hàng không shop,product
cửa hàng có gần thư viện không,store_info
Shop có bán áo thun Nike nam trắng size L không,product
quần palazzo Zara đen trắng còn size M không,product
Mình nên xem phim gì tối nay cho vui,else
quần suông H&M hồng còn hàng không bro,product
quần jogger nam hồng còn hàng không bro,product
Hôm nay mình nên đi đâu cho gần,else
bạn có biết cách làm đồ chơi không,else
quần âu nam xanh navy có size xl hok,product
cửa hàng nằm chỗ nào,store_info
bạn biết cách làm bánh flan không,else
bạn có biết cách làm đồ handmade không,else
shop có chấp nhận đổi qua email không,terms
áo sơ mi Zara nam trắng còn size L không,product
áo khoác nữ xanh còn stock không,product
bạn thích ăn phở hay bún,else
Mình nên watch phim gì để funny tối nay,else
tôi có thể get discount nếu mua combo không shop,terms
you like ăn sushi hay phở hơn,else
áo khoác nữ Zara hồng pastel còn size S không,product
bạn có biết cách chăm sóc cây không,else
Sản phẩm áo thun Nike nam đỏ còn hàng không shop,product
How to đổi hàng nếu size không vừa shop,terms
Sản phẩm có bảo hành chính hãng không,terms
mình nên mua giày hãng nào,else
mình nên làm gì để vui vẻ hơn,else
áo sơ mi Zara nữ xanh nhạt còn size L không,product
bạn thích ăn kem hay bánh ngọt,else
hôm nay đi đâu cho rẻ mà chill,else
Tôi muốn mua quần suông H&M đen size XL,product
áo thun Puma nam trắng logo xanh còn size M không,product
hôm nay mình nên đi ngủ sớm không,else
Áo thun Puma đen có size XL không,product
Váy bé gái Uniqlo hoa nhí còn size XL không,product
bạn recommend món tráng miệng nào ngon,else
Chào shop có gần nhà văn hóa không,store_info
Cửa hàng có số hotline nào để gọi không,store_info
Shop có bán quần jogger Adidas nam đen size XL không,product
mua online có hỗ trợ đổi trả hok,terms
làm sao để lấy refund nếu hàng lỗi nhỏ shop,terms
Cửa hàng có bán đồ phong cách cá tính không,store_info
bạn biết cách làm bánh cupcake không,else
Cửa hàng có bán đồ phong cách học sinh không,store_info
Shop có bán váy bé gái Uniqlo hoa nhí size S không,product
mình nên làm gì để khỏe mạnh hơn,else
Giao hàng có hỗ trợ giao qua ứng dụng GrabExpress không,terms
hàng lỗi có được gửi lại qua grab hok,terms
quần jogger nam đen còn hàng không bro,product
shop có bán áo polo nam trắng không,product
cửa hàng có gần cầu vượt hok,store_info
Tôi muốn mua áo thun Puma nam đen logo hồng size S,product
you nghĩ mình nên buy gì cho bạn,else
áo sơ mi H&M bé trai xanh còn size L không,product
cửa hàng mở tối hok,store_info
cửa hàng có ở gần đường Láng không,store_info
tôi muốn mua áo khoác nữ hồng size m,product
cửa hàng có gần khu vực Ứng Hòa không,store_info
Đổi hàng có cần giữ nguyên tem không,terms
bạn thích chơi game hành động hay chiến thuật,else
Quần suông nữ Uniqlo xanh nhạt còn size L không,product
mình nên đi chơi với ai hôm nay,else
Cửa hàng có bán đồ phong cách unisex không,store_info
cửa hàng có hỗ trợ giao hàng qua Grab không,store_info
shop có bán áo polo nam xanh không,product
Tôi muốn mua quần jogger Adidas nam trắng size M,product
how to làm đồ chơi cho bé tại nhà,else
shop có chấp nhận đổi qua Instagram không,terms
email cửa hàng là gì vậy,store_info
shop có bán quần tây xanh size xl không,product
you nghĩ mình nên learn gì cho cool,else
cửa hàng có bán đồ giá rẻ cho sinh viên hok,store_info
Quần palazzo nữ H&M xanh còn size S không,product
bạn có thích ăn đồ ngọt không,else
Giao hàng có hỗ trợ giao qua ứng dụng Tiktok Shop không,terms
tôi muốn mua áo thun nữ đen logo cam size xl,product
xin chào shop có hỗ trợ qua tiki không,store_info
Mua hàng online có được kiểm tra trước không,terms
Mình nên eat gì để fit hơn hôm nay,else
cửa hàng gần công viên hok,store_info
shop có ship qua Viettel Money không,terms
xin chào shop có sell đồ phong cách teen không,store_info
cửa hàng có gần khu vực Hoàng Mai không,store_info
hôm nay ăn gì cho ngon zẻ,else
Hàng lỗi có được hoàn tiền qua momo không,terms
áo sơ mi Zara nữ xanh còn size L không,product
tôi muốn mua quần jogger nam đen size l,product
mình nên wear gì hôm nay nhỉ,else
mua nhiều có giảm giá hok,terms
quần suông Uniqlo xanh còn hàng không bro,product
Chính sách đổi trả có áp dụng cho hàng tồn không,terms
sản phẩm áo sơ mi nữ xanh còn available không shop,product
bạn thích trà hay nước ngọt,else
ship hàng có giao buổi tối hok,terms
áo sơ mi nam Zara xanh navy còn size S không,product
áo thun bé gái hồng có chữ còn size m hok,product
cửa hàng chủ nhật nghỉ hok,store_info
shop có chấp nhận đổi qua zalo không,terms
cửa hàng mở buổi trưa hok,store_info
áo sơ mi Zara nữ xanh nhạt còn size S không,product
Hàng lỗi có được đổi qua zalo không,terms
cửa hàng có bán đồ mùa đông hok,store_info
shop có refund qua thẻ nếu không đúng không,terms
áo khoác Zara nữ xanh còn stock không,product
mình nên làm gì để vui cuối tuần,else
bạn có biết cách làm tóc xoăn không,else
Shop có bán quần jogger Adidas nam xanh size XL không,product
bạn biết cách làm bánh mì trứng không,else
Mình nên eat gì để healthy hơn,else
áo sơ mi Zara nam đen còn hàng không,product
Áo khoác Uniqlo phao hồng còn size L không,product
áo thun nam xanh đậm adidas còn size s hok,product
mình nên học gì để giỏi hơn,else
Shop có bán áo thun Nike bé trai đỏ size L không,product
áo thun nam Puma trắng logo xanh còn size L không,product
áo polo Lacoste nam trắng còn stock không bro,product
mình nên nghe nhạc gì cho chill,else
Mình nên học gì để giỏi hơn,else
Quy định đổi trả hàng như thế nào,terms
áo polo nam màu đỏ có hok,product
quần jogger bé Gap hồng còn size L không,product
hi shop có bán đồ phong cách Nhật không,store_info
Đổi hàng có cần giữ nguyên bao bì không,terms
Sản phẩm áo sơ mi Zara nữ trắng còn available không shop,product
Sản phẩm áo polo Ralph Lauren nam đen còn available không shop,product
bạn recommend quán cà phê nào chill,else
Quần palazzo Zara đen còn size XL không,product
bạn know cách làm đồ uống nóng không,else
tôi muốn mua váy bé gái hồng size m,product
Hôm nay mình nên do gì để relax,else
tôi có thể bằng cash khi nhận hàng không,terms
mình nên làm gì để tập trung học,else
tôi muốn mua quần jeans,product
Hello shop có gần trung tâm thương mại không,store_info
quần suông đen còn available không bro,product
hi shop có bán đồ phong cách công sở không,store_info
Shop có bán áo sơ mi Zara nam xanh size XL không,product
xin chào shop có sell đồ phong cách thể thao không,store_info
mình nên làm gì để đỡ căng thẳng,else
Shop có bán áo sơ mi Zara nam navy size M không,product
Shop có bán quần palazzo H&M xanh đậm size L không,product
Mình nên listen gì để chill tối nay,else
tôi muốn mua váy bé gái xanh size l,product
bạn biết cách làm slime cho bé không,else
Hàng lỗi có được đổi qua cửa hàng khác không,terms
Giao hàng có hỗ trợ giao qua ứng dụng VinID không,terms
Hôm nay mình nên watch phim gì cho vui,else
tôi muốn mua áo thun nam trắng size l,product
hôm nay mình nên watch video gì,else
Sản phẩm váy bé gái Carter’s xanh còn hàng không shop,product
mua hàng có được gửi tặng hok,terms
cửa hàng có gần khu vực Thường Tín không,store_info
Quần suông H&M xanh còn size S không,product
tôi có thể đổi hàng qua Instagram không shop,terms
Bạn có biết cách phối đồ đẹp không,else
áo thun GAP nam trắng xanh còn size M không,product
quần tây Hugo Boss đen price how much,product
Sản phẩm quần jean Levi’s bé xanh còn hàng không shop,product
Hello shop ở Nguyễn Trãi đúng không,store_info
Đổi hàng có cần chụp ảnh lỗi không,terms
cửa hàng có gần khu vực Sơn Tây không,store_info
bạn có biết cách làm sinh tố không,else
Áo thun bé gái H&M hồng còn size M không,product
Chào shop có gần trung tâm thương mại không,store_info
Hello shop có gần khu dân cư không,store_info
hi shop có bán đồ phong cách Nhật không,store_info
hôm nay đi đâu cho gần mà cool,else
Áo thun Puma nữ đen logo cam còn size XL không,product
Chào shop có gần siêu thị không,store_info
tôi có thể đổi hàng qua zalo không shop,terms
bạn biết cách làm đồ uống nóng không,else
Shop có bán quần palazzo H&M trắng size M không,product
Áo thun Uniqlo nam trắng còn size L không,product
mình nên học gì để kiếm tiền nhanh,else
quần suông xanh còn hàng không bro,product
mình nên học gì để phát triển kỹ năng,else
hôm nay mình nên nghe gì để vui,else
Shop có bán quần palazzo Zara đen size S không,product
Change hàng có need chụp ảnh không shop,terms
Mua hàng có được tích điểm không vậy,terms
bạn thích ăn phở hay bún bò,else
Chào shop có gần trường đại học không,store_info
hôm nay đi đâu cho cool nhỉ,else
áo thun GAP nam trắng xanh còn hàng không bro,product
Cửa hàng có bán đồ phong cách streetwear không,store_info
Hôm nay mình nên ăn gì để đỡ đói,else
Mình nên mua quà gì cho bạn thân,else
shop có bán áo sơ mi nam navy size m không,product
bạn biết cách làm bánh ngọt không,else
áo thun Uniqlo bé gái hồng còn size XL không,product
Tôi muốn mua áo khoác Uniqlo phao trắng size XL,product
shop có giảm giá khi mua sỉ không,terms
How fast để hoàn tiền nếu lỗi shop,terms
Cửa hàng có gần khu vực Đống Đa không,store_info
Tôi muốn mua áo khoác Levi’s denim nữ size M,product
áo khoác Levi’s nữ hồng còn stock không,product
shop có bán áo thun bé trai đỏ size l không,product
Bạn có biết cách học nấu ăn không,else
Hello shop có support qua facebook không,store_info
Giao hàng có hỗ trợ giao qua Lalamove không,terms
Chính sách hoàn tiền có áp dụng cho hàng lỗi nhỏ không,terms
xin chào shop có hỗ trợ qua Viettel Post không,store_info
áo thun bé gái đen còn hàng không,product
Áo khoác Uniqlo phao hồng còn size M không,product
cửa hàng có bán đồ nam nhiều hok,store_info
áo khoác nam xanh rêu nylon còn size xl hok,product
quần palazzo nữ H&M xanh đậm có dây không,product
mua online có được kiểm hàng trước hok,terms
hôm nay đi đâu cho mát mẻ,else
Chào shop có gần bến xe không,store_info
Hôm nay mình nên watch gì để relax,else
Cửa hàng có bán đồ phong cách đơn giản không,store_info
Áo khoác Uniqlo phao hồng còn size S không,product
shop có bán áo thun bé trai xanh size xl không,product
cửa hàng có gần siêu thị không,store_info
Shop có bán áo khoác Zara nam đen size M không,product
Quần jean bé Levi's xanh còn size M không,product
Mua hàng có được giảm giá khi trả thẻ không,terms
shop có bán quần jogger nam đen size xl không,product
áo khoác bomber nữ hồng có sẵn hok,product
sản phẩm áo khoác denim nam còn stock không shop,product
cửa hàng có bán đồ phong cách vintage hok,store_info
cửa hàng có bán đồ phong cách boho hok,store_info
Tôi muốn mua áo khoác Levi’s nam đen size XL,product
bạn biết cách làm đồ ăn vặt hok,else
Áo khoác Adidas nam vàng còn size M không,product
quần jogger Gap bé pink còn size XL không,product
làm sao để lấy discount nếu giới thiệu bạn shop,terms
hôm nay ăn gì để ngon miệng nhỉ,else
hi shop có bán đồ phong cách vintage không,store_info
shop có free ship cho đơn trên 500k không,terms
Áo sơ mi nam xanh navy có size L không,product
mình nên học gì để giỏi tiếng hàn,else
Hello shop có gần khu công nghiệp không,store_info
Cửa hàng có gần công viên Thống Nhất không,store_info
mình nên học gì để thư giãn,else
Mua hàng có được bảo hành bao lâu,terms
Chính sách hoàn tiền có nhanh không,terms
Chào shop có gần nhà ga không,store_info
áo thun bé trai Nike trắng GOAL còn size L không,product
mua hàng có được đổi màu hok,terms
xin chào shop open mấy giờ vậy,store_info
Ship qua J&T có nhanh không shop,terms
Thanh toán trước có được giảm giá không,terms
Chính sách đổi trả có áp dụng cho hàng lỗi không,terms
shop có chấp nhận đổi hàng qua mail không,terms
hôm nay mình nên nghe podcast nào,else
đổi hàng có cần lý do hok,terms
hàng hỏng đổi ngay tại chỗ được hok,terms
Ship qua Shopee có fast không shop,terms
Áo trễ vai hoa nữ còn hàng không,product
xin chào shop có hỗ trợ qua Gojek không,store_info
Hôm nay mình nên eat gì cho ngon,else
bạn có like ăn spicy food không,else
bạn like chơi bóng đá hay cầu lông,else
shop có bán áo khoác nữ trắng size m không,product
Cửa hàng có chi nhánh khác không,store_info
Hàng lỗi có được đổi qua bưu điện không,terms
áo thun Puma nữ đen còn size XL không,product
áo khoác Adidas nữ hồng còn size XL không,product
Ship qua Viettel Post bao lâu thì tới,terms
hôm nay đi đâu cho rẻ mà vui,else
đổi hàng có cần nguyên tem hok,terms
you like ăn bún bò hay phở hơn,else
cửa hàng có gần khu vực Bắc Từ Liêm không,store_info
bạn recommend món ăn nào cheap,else
bạn biết cách làm bánh ngọt đơn giản không,else
Áo thun nam Nike xanh đậm còn size L không,product
Chào shop có gần nhà ga không,store_info
shop có bán váy bé gái đen size l không,product
áo sơ mi bé trai Uniqlo trắng đen còn size S không,product
hàng lỗi đổi trong bao lâu,terms
tôi muốn mua váy bé gái trắng size s,product
you like nghe music cổ điển không,else
áo khoác Adidas nữ pink còn size XL không,product
váy hoa nhí bé gái Uniqlo còn size L không,product
Mua online có được đổi màu khác không,terms
Đổi hàng có mất phí không,terms
Chính sách bảo hành áp dụng cho đồ sale không,terms
hi shop có bán đồ phong cách Nhật không,store_info
có thể đổi hàng nếu không đúng size shop,terms
bạn thích ăn cơm rang hay phở,else
quần jean Levi’s bé xanh đậm còn hàng không,product
cửa hàng có ở sài gòn hok,store_info
hôm nay mình nên nghe music gì vui vẻ,else
Quần suông Uniqlo xanh còn size L không,product
cửa hàng có bán đồ thể thao nữ hok,store_info
Áo khoác Adidas nam vàng còn size L không,product
áo khoác jeans nữ Zara xanh nhạt giá bao nhiêu,product
Tôi muốn mua áo khoác Zara nữ xanh size XL,product
áo sơ mi H&M bé trai navy còn size L không,product
áo thun Puma nam đen logo trắng còn không,product
cửa hàng có gần nhà ga không,store_info
có sản phẩm nào của hãng zara không,product
có áo khoác của hãng zara không,product
có áo polo nào thuộc hãng Lacoste không,product
sản phẩm này có những size nào,product
áo này có những size nào,product
thời tiết hôm nay thế nào,else
hôm nay tôi nên ăn gì,else
hôm nay là ngày mấy,else
hôm nay là thứ mấy,else
shop có người yêu chưa,else